552:[552, 553, 554, 555, 556]
553:[552, 553, 554, 555, 556]
554:[552, 553, 554, 555, 556]
555:[552, 553, 554, 555, 556]
556:[552, 553, 554, 555, 556]
558:[552, 553, 554, 555, 556]
559:[552, 553, 554, 555, 556]
560:[552, 553, 554, 555, 556]
561:[552, 553, 554, 555, 556]
562:[552, 553, 554, 555, 556]
563:[552, 553, 554, 555, 556]
564:[552, 553, 554, 555, 556]
565:[552, 553, 554, 555, 556]
566:[552, 553, 554, 555, 556]
567:[552, 553, 554, 555, 556]
568:[552, 553, 554, 555, 556]
569:[552, 553, 554, 555, 556]
570:[552, 553, 554, 555, 556]
571:[552, 553, 554, 555, 556]
572:[552, 553, 554, 555, 556]
573:[552, 553, 554, 555, 556]
574:[552, 553, 554, 555, 556]
575:[552, 553, 554, 555, 556]
576:[552, 553, 554, 555, 556]
578:[578, 579, 580, 581, 582]
579:[578, 579, 580, 581, 582]
580:[578, 579, 580, 581, 582]
581:[578, 579, 580, 581, 582]
582:[578, 579, 580, 581, 582]
583:[552, 553, 554, 555, 556]
585:[552, 553, 554, 555, 556]
587:[552, 553, 554, 555, 556]
588:[552, 553, 554, 555, 556]
589:[552, 553, 554, 555, 556]
590:[590, 642, 643, 644, 646]
605:[605, 273242, 815, 1064, 213112]
606:[606, 1026, 835, 640, 639]
607:[607, 851, 127426, 814, 273242]
608:[608, 843, 222606, 805, 246704]
609:[609, 34999, 637, 810, 26277]
610:[610, 1211, 34587, 825, 854]
611:[611, 217556, 215685, 616, 861]
612:[612, 615, 246611, 219249, 34311]
613:[613, 1029, 34312, 75570, 34885]
614:[614, 246690, 615, 34934, 612]
615:[615, 612, 34311, 840, 246611]
616:[616, 215685, 663, 217556, 611]
617:[617, 34472, 34970, 615, 612]
618:[618, 34483, 34463, 880, 34141]
637:[637, 609, 34877, 34686, 34705]
639:[639, 640, 1066, 833, 246729]
640:[640, 639, 1066, 833, 246729]
642:[590, 642, 643, 644, 646]
643:[590, 642, 643, 644, 646]
644:[590, 642, 643, 644, 646]
645:[645, 135201, 135203, 219270, 135190]
646:[590, 642, 643, 644, 646]
647:[647, 217519, 807, 34998, 218957]
648:[648, 271641, 34878, 1231, 212320]
649:[649, 219270, 135193, 128654, 645]
650:[590, 642, 643, 644, 646]
651:[651, 218731, 14967, 218719, 75762]
652:[652, 218723, 1030, 217518, 273243]
653:[653, 135195, 135198, 218788, 135196]
654:[654, 271947, 137124, 271944, 271610]
655:[590, 642, 643, 644, 646]
656:[590, 642, 643, 644, 646]
657:[590, 642, 643, 644, 646]
658:[590, 642, 643, 644, 646]
659:[590, 642, 643, 644, 646]
661:[661, 75583, 271958, 217520, 137020]
662:[590, 642, 643, 644, 646]
663:[663, 215685, 1263, 616, 219243]
664:[664, 35003, 219058, 218767, 135186]
665:[665, 844, 34903, 213146, 75662]
716:[716, 75580, 127374, 1079, 137837]
717:[717, 127373, 718, 137037, 34694]
718:[718, 137037, 75722, 1261, 837]
719:[719, 137031, 46978, 14885, 1063]
720:[720, 75749, 46979, 219216, 862]
727:[727, 83603, 75601, 75602, 75742]
728:[728, 1266, 137608, 219044, 35889]
791:[791, 213106, 37108, 127344, 213753]
797:[797, 819, 216893, 1062, 75751]
798:[798, 278926, 836, 216886, 222294]
799:[799, 219041, 219048, 34899, 216894]
800:[800, 246626, 833, 830, 278926]
802:[802, 14924, 75638, 213296, 34046]
803:[803, 219235, 848, 215691, 35885]
805:[805, 246691, 608, 824, 843]
806:[806, 219203, 219274, 728, 1259]
807:[807, 218957, 213203, 219211, 647]
808:[808, 218754, 1083, 271792, 14928]
809:[809, 218722, 219208, 217518, 841]
810:[810, 26277, 218718, 34999, 609]
811:[811, 74016, 34964, 1260, 218759]
812:[812, 75576, 75577, 34879, 246613]
814:[814, 219245, 851, 127426, 815]
815:[815, 273242, 851, 246653, 814]
817:[817, 822, 218977, 75580, 18838]
818:[818, 218720, 35884, 26287, 75616]
819:[819, 1062, 797, 216893, 216881]
820:[820, 26305, 35879, 137034, 225468]
821:[821, 75569, 215687, 216898, 14905]
822:[822, 75580, 218977, 18838, 817]
824:[824, 805, 246691, 278925, 608]
825:[825, 855, 610, 1211, 137030]
826:[826, 1076, 75589, 219227, 127341]
827:[827, 75586, 246728, 37188, 36287]
828:[828, 218678, 216882, 354317, 246339]
829:[829, 246337, 26116, 246730, 868]
830:[830, 1066, 246729, 14902, 639]
833:[833, 246626, 640, 639, 830]
834:[834, 278925, 246690, 614, 225448]
835:[835, 606, 1026, 215687, 37187]
836:[836, 222294, 798, 14907, 216886]
837:[837, 36321, 75722, 718, 137037]
838:[838, 218716, 35887, 219215, 34902]
839:[839, 121068, 856, 34897, 852]
840:[840, 34311, 34905, 615, 612]
841:[841, 809, 219208, 218722, 217518]
842:[842, 34141, 36319, 618, 34483]
843:[843, 608, 246704, 1228, 34885]
844:[844, 665, 219059, 218729, 75662]
845:[845, 14932, 219042, 219049, 137837]
846:[846, 35883, 137379, 1234, 267507]
848:[848, 219235, 219216, 219222, 219046]
849:[849, 218726, 218728, 34998, 267507]
850:[850, 246610, 880, 75582, 219041]
851:[851, 273242, 127426, 814, 815]
852:[852, 218378, 121068, 218789, 75761]
853:[853, 35880, 867, 34882, 215686]
854:[854, 218959, 213157, 610, 219050]
855:[855, 859, 825, 137030, 75541]
856:[856, 839, 213055, 219222, 121068]
857:[857, 75745, 218924, 75764, 75716]
859:[859, 855, 137030, 75541, 246625]
860:[860, 219219, 34997, 35002, 217436]
861:[861, 34885, 213208, 137036, 611]
862:[862, 46979, 213206, 215691, 219216]
863:[863, 137413, 216492, 648, 34878]
864:[864, 271724, 225467, 137561, 222634]
865:[865, 215983, 216489, 137398, 75588]
866:[866, 271621, 215985, 75590, 137396]
867:[867, 35880, 218789, 75761, 218793]
868:[868, 246337, 246730, 35890, 246717]
874:[874, 218677, 246340, 217392, 246643]
880:[880, 75582, 34483, 34463, 618]
919:[919, 921, 923, 920, 922]
920:[920, 919, 921, 923, 922]
921:[919, 921, 923, 920, 922]
922:[922, 920, 919, 921, 923]
923:[919, 921, 923, 920, 922]
924:[924, 219310, 1258, 216551, 216885]
926:[926, 927, 928, 219038, 34313]
927:[926, 927, 928, 219038, 34313]
928:[928, 926, 927, 219038, 34313]
964:[964, 137848, 217519, 647, 267503]
1026:[1026, 37187, 606, 835, 1139]
1027:[1027, 135216, 18841, 218723, 652]
1029:[1029, 613, 34312, 34620, 34885]
1030:[1030, 217518, 273243, 218722, 218723]
1034:[1034, 219233, 128653, 217525, 128654]
1035:[1035, 1142, 14891, 218793, 75761]
1045:[1045, 217556, 215685, 616, 663]
1046:[1046, 1051, 1777, 1778, 246687]
1047:[1047, 1053, 213200, 248621, 137396]
1048:[1048, 246375, 222398, 75567, 216663]
1051:[1046, 1051, 1777, 1778, 246687]
1053:[1047, 1053, 213200, 248621, 137396]
1062:[1062, 819, 216893, 797, 216881]
1063:[1063, 75747, 1255, 1214, 75661]
1064:[1064, 213112, 605, 273242, 815]
1066:[1066, 246729, 830, 278926, 639]
1072:[1072, 219042, 219049, 1077, 845]
1074:[1074, 75658, 218917, 75623, 1078]
1075:[1075, 216895, 219246, 271793, 75751]
1076:[1076, 219227, 222399, 355584, 75589]
1077:[1077, 1072, 219042, 219049, 137037]
1078:[1078, 219047, 219038, 75539, 75623]
1079:[1079, 137837, 18838, 14932, 845]
1081:[1081, 75629, 75541, 219050, 246625]
1082:[1082, 35887, 218716, 219215, 215691]
1083:[1083, 808, 218754, 14928, 75576]
1086:[1086, 36310, 34584, 34469, 34449]
1087:[1087, 219059, 218729, 75662, 219271]
1128:[1128, 1130, 135197, 213757, 217517]
1130:[1128, 1130, 135197, 213757, 217517]
1132:[1132, 137034, 216889, 26305, 218384]
1139:[1139, 37187, 1026, 75586, 835]
1140:[1140, 213295, 271842, 14930, 137021]
1142:[1142, 1035, 218793, 14891, 128545]
1143:[1143, 35888, 246426, 248138, 75760]
1211:[1211, 610, 825, 34587, 14904]
1214:[1214, 1255, 75747, 1063, 75661]
1228:[1228, 246704, 34929, 34314, 217556]
1229:[1229, 271844, 246728, 271627, 217101]
1230:[1230, 115135, 14964, 127372, 218445]
1231:[1231, 212320, 271641, 273371, 34878]
1232:[1232, 218445, 127372, 14964, 127424]
1234:[1234, 267507, 137379, 218728, 273288]
1235:[1235, 219217, 135218, 356374, 246646]
1242:[1242, 1265, 218725, 75657, 352595]
1243:[1243, 127590, 136995, 246624, 75611]
1246:[1246, 14963, 46981, 75602, 114817]
1249:[1249, 137530, 14919, 14920, 34880]
1250:[1250, 137562, 14915, 246316, 217435]
1251:[1251, 34045, 127424, 213297, 127372]
1252:[1252, 273243, 218722, 1030, 218723]
1255:[1255, 1214, 75747, 1063, 75661]
1256:[1256, 26324, 75752, 218919, 1078]
1258:[1258, 219310, 924, 137529, 216551]
1259:[1259, 75765, 219274, 216158, 728]
1260:[1260, 74016, 218759, 811, 74019]
1261:[1261, 75722, 137037, 718, 36321]
1262:[1262, 212321, 14903, 127593, 1766]
1263:[1263, 663, 215685, 34313, 616]
1264:[1264, 216889, 75683, 137034, 26305]
1265:[1265, 218725, 75657, 352595, 1242]
1266:[1266, 35889, 219044, 219207, 219206]
1267:[1267, 137034, 26305, 35879, 218924]
1766:[1766, 218922, 75665, 75666, 1262]
1767:[1767, 1770, 75569, 14905, 18839]
1770:[1767, 1770, 75569, 14905, 18839]
1777:[1777, 1778, 1046, 1051, 246687]
1778:[1777, 1778, 1046, 1051, 246687]
1779:[1779, 219244, 34704, 246614, 36306]
1780:[1780, 271823, 137395, 137032, 219043]
1781:[1781, 14916, 218894, 218916, 216661]
3649:[3649, 218921, 218769, 218917, 75752]
14885:[14885, 46978, 1063, 75661, 137031]
14887:[14887, 218769, 74017, 213056, 218917]
14888:[14888, 75568, 137562, 271842, 213295]
14889:[14889, 218678, 216887, 216882, 354317]
14890:[14890, 218968, 217436, 127375, 75638]
14891:[14891, 128545, 1142, 1035, 218793]
14892:[14892, 219205, 137038, 127422, 219273]
14893:[14893, 83600, 218921, 215690, 75756]
14902:[14902, 135214, 135215, 213206, 830]
14903:[14903, 246639, 127593, 218791, 26276]
14904:[14904, 1211, 610, 825, 34592]
14905:[14905, 75569, 219045, 18839, 216898]
14906:[14906, 135210, 36326, 75745, 219043]
14907:[14907, 34033, 836, 222294, 798]
14908:[14908, 216937, 218987, 213157, 36316]
14909:[14909, 75762, 137381, 218732, 218719]
14912:[14912, 222630, 34849, 14946, 246614]
14914:[14914, 219229, 246739, 216148, 137035]
14915:[14915, 246316, 137562, 1250, 75573]
14916:[14916, 218894, 1781, 218916, 75754]
14917:[14917, 14918, 137565, 34880, 1252]
14918:[14917, 14918, 137565, 34880, 1252]
14919:[14919, 14920, 14966, 137530, 135217]
14920:[14919, 14920, 14966, 137530, 135217]
14921:[14921, 14923, 216898, 218958, 34201]
14922:[14922, 74003, 14926, 137038, 136996]
14923:[14923, 14921, 218958, 34201, 216898]
14924:[14924, 75638, 46983, 219206, 802]
14925:[14925, 137032, 219238, 137395, 1780]
14926:[14926, 137038, 216537, 14892, 14922]
14927:[14927, 219057, 219219, 217436, 219221]
14928:[14928, 75576, 75577, 1083, 808]
14929:[14929, 75567, 216663, 222398, 1048]
14930:[14930, 1140, 213295, 271842, 75571]
14931:[14931, 246625, 218978, 246655, 218759]
14932:[14932, 137837, 845, 1079, 18838]
14933:[14933, 271841, 75540, 14948, 215692]
14934:[14934, 14946, 137029, 34849, 14912]
14935:[14935, 137563, 806, 219274, 219203]
14936:[14936, 219310, 137529, 1258, 75728]
14945:[14945, 14947, 218928, 218978, 246655]
14946:[14946, 14934, 34849, 14912, 137029]
14947:[14947, 14945, 218928, 218978, 137024]
14948:[14948, 75604, 75540, 75728, 218977]
14962:[14962, 34405, 213146, 34903, 35000]
14963:[14963, 1246, 216880, 46981, 114817]
14964:[14964, 115135, 1230, 127372, 1232]
14965:[14965, 34302, 14928, 219248, 218718]
14966:[14966, 14919, 14920, 841, 809]
14967:[14967, 218719, 218731, 651, 75762]
15464:[15464, 216894, 137026, 213752, 219237]
18838:[18838, 1079, 137837, 822, 845]
18839:[18839, 75763, 14905, 219045, 267506]
18840:[18840, 137035, 271792, 219229, 218754]
18841:[18841, 135216, 218723, 1252, 1027]
26116:[26116, 271792, 218754, 219229, 808]
26274:[26274, 34879, 1083, 34969, 246613]
26275:[26275, 34930, 34933, 34653, 83597]
26276:[26276, 137248, 246639, 14903, 218791]
26277:[26277, 810, 34439, 609, 34967]
26287:[26287, 218720, 35884, 818, 246395]
26305:[26305, 820, 35879, 137034, 216889]
26324:[26324, 1256, 75752, 218919, 1078]
31782:[31782, 246393, 127344, 37108, 215693]
34033:[34033, 14907, 836, 798, 222294]
34034:[34034, 246615, 36320, 36287, 34669]
34035:[34035, 273287, 34461, 34481, 246395]
34036:[34036, 36307, 34482, 34581, 34630]
34043:[34043, 34850, 36325, 34512, 36312]
34044:[34044, 34626, 34606, 34657, 34443]
34045:[34045, 1251, 216680, 127424, 14964]
34046:[34046, 213296, 75638, 219206, 35002]
34141:[34141, 618, 842, 34483, 34463]
34199:[34199, 34303, 75576, 75577, 1083]
34200:[34200, 35004, 219041, 219048, 34899]
34201:[34201, 219210, 137861, 246729, 271793]
34301:[34301, 127422, 216537, 219205, 219223]
34302:[34302, 14965, 218718, 219248, 810]
34303:[34303, 218793, 35880, 867, 34199]
34304:[34304, 35357, 246617, 75582, 34480]
34311:[34311, 840, 615, 34905, 612]
34312:[34312, 1029, 613, 218955, 617]
34313:[34313, 137036, 75565, 217556, 1263]
34314:[34314, 34929, 217556, 1228, 616]
34377:[34377, 36301, 34046, 34451, 34471]
34391:[34391, 271727, 34547, 135194, 653]
34405:[34405, 14962, 34903, 213146, 665]
34432:[34432, 34927, 34457, 34477, 34468]
34433:[34433, 34580, 36289, 34644, 34663]
34434:[34434, 34440, 34581, 856, 34036]
34435:[34435, 34582, 36307, 34482, 34691]
34437:[34437, 34789, 36315, 34625, 34707]
34438:[34438, 34785, 34646, 34665, 36305]
34439:[34439, 26277, 810, 34705, 34686]
34440:[34440, 34434, 34036, 36307, 856]
34441:[34441, 36305, 36310, 34438, 1086]
34442:[34442, 218787, 135194, 218724, 219204]
34443:[34443, 34791, 213112, 75564, 1064]
34447:[34447, 34467, 34529, 34548, 36317]
34449:[34449, 34469, 36310, 34700, 34962]
34451:[34451, 34471, 35002, 34561, 213296]
34453:[34453, 34473, 137383, 137384, 137385]
34457:[34457, 34477, 34432, 34487, 34507]
34459:[34459, 34479, 34468, 34597, 34617]
34461:[34461, 34481, 273287, 34668, 34035]
34463:[34463, 34483, 618, 880, 616]
34466:[34466, 34546, 34527, 34582, 34691]
34467:[34467, 34447, 34529, 34548, 36317]
34468:[34468, 34459, 34479, 34927, 34616]
34469:[34469, 34449, 36310, 34700, 34962]
34470:[34470, 35882, 34520, 114817, 46981]
34471:[34471, 34451, 35002, 34561, 213296]
34472:[34472, 617, 34611, 34631, 34620]
34473:[34473, 34453, 137383, 137384, 137385]
34476:[34476, 36294, 34640, 34659, 34552]
34477:[34477, 34457, 34432, 34487, 34507]
34478:[34478, 34847, 34842, 34556, 34537]
34479:[34479, 34459, 34597, 34617, 34468]
34480:[34480, 34304, 35357, 246617, 34586]
34481:[34481, 34461, 34668, 273287, 34035]
34482:[34482, 34630, 34582, 34435, 34036]
34483:[34483, 34463, 618, 880, 616]
34487:[34487, 34507, 34614, 34527, 34546]
34489:[34489, 34509, 36309, 34684, 34703]
34491:[34491, 34511, 615, 34587, 34805]
34493:[34493, 34513, 34529, 34548, 36284]
34497:[34497, 34517, 34693, 34674, 34615]
34499:[34499, 34519, 34790, 34809, 34664]
34501:[34501, 34521, 34650, 34669, 1082]
34503:[34503, 34523, 34686, 34705, 34619]
34506:[34506, 34545, 34589, 34789, 36315]
34507:[34507, 34487, 34614, 34527, 34546]
34508:[34508, 34804, 36300, 34558, 34539]
34509:[34509, 34489, 36309, 34684, 34703]
34510:[34510, 36306, 34520, 1779, 35882]
34511:[34511, 34491, 615, 34587, 34805]
34512:[34512, 36325, 34668, 36312, 34461]
34513:[34513, 34493, 34529, 34548, 36284]
34516:[34516, 34555, 36285, 34579, 36290]
34517:[34517, 34497, 34693, 34674, 34615]
34518:[34518, 34664, 34665, 34646, 34499]
34519:[34519, 34499, 34790, 34809, 34664]
34520:[34520, 35882, 34470, 34510, 36306]
34521:[34521, 34501, 34650, 34669, 1082]
34522:[34522, 1265, 1242, 36286, 34702]
34523:[34523, 34503, 34686, 34705, 34619]
34527:[34527, 34546, 34614, 34466, 34691]
34529:[34529, 34548, 36284, 36317, 34513]
34531:[34531, 34550, 36326, 135210, 34200]
34533:[34533, 34552, 34640, 34659, 34935]
34537:[34537, 34556, 34842, 34701, 34682]
34539:[34539, 34558, 34508, 34597, 34617]
34541:[34541, 34560, 34879, 75689, 26274]
34543:[34543, 34562, 34635, 34654, 34493]
34545:[34545, 34506, 34589, 36315, 34625]
34546:[34546, 34527, 34614, 34466, 34691]
34547:[34547, 34442, 34391, 271727, 135194]
34548:[34548, 34529, 36284, 36317, 34513]
34549:[34549, 34844, 34559, 36311, 36321]
34550:[34550, 34531, 36326, 135210, 34200]
34551:[34551, 34998, 218786, 34845, 217519]
34552:[34552, 34533, 34640, 34659, 34935]
34555:[34555, 34516, 36285, 36290, 34579]
34556:[34556, 34537, 34842, 34701, 34682]
34557:[34557, 34848, 75743, 34786, 36296]
34558:[34558, 34539, 34508, 34597, 34617]
34559:[34559, 34549, 36311, 34844, 34694]
34560:[34560, 34541, 34879, 75689, 26274]
34561:[34561, 34471, 34451, 860, 35002]
34562:[34562, 34543, 34635, 34654, 34493]
34579:[34579, 36324, 36307, 34440, 34691]
34580:[34580, 34433, 36289, 34644, 34663]
34581:[34581, 34036, 34434, 34482, 34630]
34582:[34582, 34435, 34482, 34466, 34691]
34584:[34584, 1086, 34700, 36287, 34962]
34585:[34585, 34616, 34539, 34558, 34459]
34586:[34586, 34599, 34619, 35357, 34686]
34587:[34587, 34592, 610, 1211, 854]
34589:[34589, 34506, 34545, 34789, 36315]
34590:[34590, 34655, 218784, 34522, 1047]
34591:[34591, 271958, 217520, 137020, 75583]
34592:[34592, 34587, 610, 1211, 14904]
34595:[34595, 34615, 34674, 34693, 34497]
34597:[34597, 34617, 34804, 34508, 34558]
34599:[34599, 34619, 34586, 34686, 34705]
34601:[34601, 34621, 34803, 34808, 35878]
34606:[34606, 34626, 34044, 34847, 34657]
34608:[34608, 34628, 35877, 36304, 34784]
34611:[34611, 34631, 34620, 34472, 34934]
34614:[34614, 34527, 34546, 34507, 34487]
34615:[34615, 34595, 34674, 34693, 34497]
34616:[34616, 34585, 34459, 34479, 34539]
34617:[34617, 34597, 34804, 34508, 34558]
34618:[34618, 75687, 75542, 75746, 219236]
34619:[34619, 34599, 34586, 34686, 34705]
34620:[34620, 34631, 34611, 34472, 1029]
34621:[34621, 34601, 34803, 34808, 35878]
34625:[34625, 36315, 34437, 34789, 34707]
34626:[34626, 34606, 34044, 34847, 34657]
34627:[34627, 34808, 34803, 36299, 34963]
34628:[34628, 34608, 35877, 36304, 34784]
34629:[34629, 34902, 34884, 36287, 34034]
34630:[34630, 34482, 34897, 34036, 34582]
34631:[34631, 34611, 34620, 34472, 34934]
34635:[34635, 34654, 34562, 34543, 34493]
34637:[34637, 34656, 36317, 34688, 34707]
34640:[34640, 34659, 34552, 34533, 34476]
34644:[34644, 34663, 34803, 34808, 34433]
34646:[34646, 34665, 34785, 34518, 34664]
34648:[34648, 34667, 34483, 34463, 616]
34650:[34650, 34669, 36320, 246615, 34521]
34653:[34653, 34933, 34674, 34693, 34930]
34654:[34654, 34635, 34562, 34543, 34493]
34655:[34655, 34658, 34590, 1027, 652]
34656:[34656, 34637, 36317, 34688, 34707]
34657:[34657, 34694, 34676, 34695, 34559]
34658:[34658, 1027, 34898, 652, 34655]
34659:[34659, 34640, 34552, 34533, 34476]
34662:[34662, 34508, 34558, 34539, 36300]
34663:[34663, 34644, 34803, 34808, 34433]
34664:[34664, 34518, 34665, 34646, 34499]
34665:[34665, 34646, 34785, 34518, 34664]
34666:[34666, 34470, 75742, 114817, 137027]
34667:[34667, 34648, 34483, 616, 34463]
34668:[34668, 34481, 34461, 35005, 267502]
34669:[34669, 34650, 36320, 246615, 34521]
34674:[34674, 34693, 34615, 34595, 34497]
34676:[34676, 34695, 34657, 36291, 34694]
34678:[34678, 34697, 34653, 34930, 34674]
34682:[34682, 34701, 34537, 34556, 36299]
34684:[34684, 34703, 34928, 34595, 34615]
34686:[34686, 34705, 34619, 34599, 609]
34688:[34688, 34707, 36317, 34437, 36284]
34691:[34691, 34582, 34435, 34466, 36307]
34693:[34693, 34674, 34615, 34595, 34497]
34694:[34694, 34657, 34844, 34559, 34676]
34695:[34695, 34676, 34657, 36291, 34694]
34696:[34696, 219214, 219218, 219272, 219224]
34697:[34697, 34678, 34653, 34930, 34674]
34700:[34700, 34962, 36297, 34584, 34449]
34701:[34701, 34682, 34537, 34556, 36299]
34702:[34702, 135186, 34522, 219058, 36322]
34703:[34703, 34684, 34928, 34595, 34615]
34704:[34704, 219244, 1779, 75617, 137029]
34705:[34705, 34686, 34619, 609, 34599]
34706:[34706, 34843, 34878, 648, 212320]
34707:[34707, 34688, 36317, 34437, 36284]
34784:[34784, 35877, 36319, 36304, 34608]
34785:[34785, 34646, 34665, 34438, 34518]
34786:[34786, 36296, 34405, 34903, 267500]
34789:[34789, 34437, 36315, 34625, 34707]
34790:[34790, 34809, 34519, 34499, 75743]
34791:[34791, 213112, 34443, 75564, 83597]
34803:[34803, 34808, 34663, 34644, 34601]
34804:[34804, 34617, 34597, 34508, 36300]
34805:[34805, 14908, 36316, 218987, 840]
34808:[34808, 34803, 34627, 36299, 34663]
34809:[34809, 34790, 75743, 34519, 34499]
34842:[34842, 34847, 34556, 34537, 36299]
34843:[34843, 34706, 219212, 135217, 34878]
34844:[34844, 34549, 36321, 34559, 34694]
34845:[34845, 34551, 218786, 34998, 647]
34847:[34847, 34842, 36299, 34478, 34556]
34848:[34848, 34557, 75743, 34790, 34809]
34849:[34849, 222630, 14934, 14912, 14946]
34850:[34850, 34043, 36312, 34512, 36325]
34877:[34877, 637, 26277, 34439, 609]
34878:[34878, 648, 271641, 212320, 1231]
34879:[34879, 812, 26274, 75576, 75577]
34880:[34880, 14917, 14918, 14966, 14919]
34882:[34882, 853, 35880, 218789, 867]
34883:[34883, 75690, 137609, 35000, 136996]
34884:[34884, 218716, 34902, 34629, 838]
34885:[34885, 861, 213208, 137036, 216897]
34897:[34897, 218789, 215686, 34630, 34036]
34898:[34898, 218721, 219209, 1027, 1230]
34899:[34899, 246616, 219041, 219048, 75582]
34900:[34900, 137033, 136977, 213753, 127375]
34902:[34902, 246615, 218716, 34629, 838]
34903:[34903, 665, 213146, 34405, 14962]
34904:[34904, 218955, 34905, 218791, 14903]
34905:[34905, 840, 34311, 34904, 267625]
34927:[34927, 34432, 34468, 34457, 34477]
34928:[34928, 34684, 34703, 36309, 34595]
34929:[34929, 34314, 1228, 246704, 246645]
34930:[34930, 26275, 34653, 34933, 34935]
34932:[34932, 216886, 218378, 34882, 1062]
34933:[34933, 34653, 26275, 34935, 34930]
34934:[34934, 614, 612, 34472, 34611]
34935:[34935, 34533, 34552, 34653, 34933]
34962:[34962, 36297, 36327, 34700, 34034]
34963:[34963, 34433, 34627, 34663, 34644]
34964:[34964, 811, 137030, 137025, 219245]
34965:[34965, 34614, 34969, 34466, 34560]
34967:[34967, 34999, 810, 26277, 34705]
34968:[34968, 218920, 34589, 246612, 34631]
34969:[34969, 218884, 34879, 26274, 215686]
34970:[34970, 617, 34472, 34311, 615]
34997:[34997, 35002, 860, 213296, 219219]
34998:[34998, 849, 267503, 218726, 217519]
34999:[34999, 609, 218383, 34967, 810]
35000:[35000, 34883, 14962, 75690, 34405]
35002:[35002, 213296, 34997, 34471, 34451]
35003:[35003, 219271, 664, 219058, 1087]
35004:[35004, 34200, 219041, 219048, 35879]
35005:[35005, 246395, 267502, 26287, 218720]
35357:[35357, 246617, 34304, 246616, 75582]
35877:[35877, 36304, 34784, 36319, 34608]
35878:[35878, 36311, 34621, 34601, 34559]
35879:[35879, 26305, 820, 137034, 218924]
35880:[35880, 853, 867, 218789, 215686]
35882:[35882, 34520, 34470, 34666, 114817]
35883:[35883, 246313, 846, 75566, 75686]
35884:[35884, 26287, 218720, 818, 75616]
35885:[35885, 219222, 848, 219235, 219046]
35887:[35887, 219215, 1082, 218716, 267506]
35888:[35888, 1143, 137849, 128545, 246426]
35889:[35889, 219044, 219207, 1266, 219206]
35890:[35890, 246717, 246730, 868, 246337]
36284:[36284, 34548, 34529, 36317, 34688]
36285:[36285, 34516, 34555, 34579, 36290]
36286:[36286, 34522, 1242, 218784, 34045]
36287:[36287, 34034, 34629, 34902, 246615]
36289:[36289, 34580, 34433, 34644, 34663]
36290:[36290, 36300, 34804, 34508, 34617]
36291:[36291, 219042, 219049, 1072, 34695]
36292:[36292, 36322, 218729, 219058, 844]
36294:[36294, 34476, 34640, 34659, 34517]
36295:[36295, 34616, 34585, 34628, 34608]
36296:[36296, 34786, 34668, 34405, 267500]
36297:[36297, 36327, 34962, 34034, 34650]
36299:[36299, 34847, 34842, 34701, 34682]
36300:[36300, 34508, 34804, 34558, 34539]
36301:[36301, 34377, 34046, 219044, 34451]
36304:[36304, 35877, 34784, 36319, 34608]
36305:[36305, 34441, 34438, 36310, 1086]
36306:[36306, 34510, 34520, 1779, 35882]
36307:[36307, 34435, 34036, 34582, 36324]
36309:[36309, 34489, 34509, 34684, 34703]
36310:[36310, 34469, 34449, 1086, 34441]
36311:[36311, 34559, 34549, 34844, 34657]
36312:[36312, 34512, 34850, 34043, 36325]
36314:[36314, 34447, 34467, 36294, 34517]
36315:[36315, 34625, 34437, 34789, 34707]
36316:[36316, 218987, 14908, 216937, 246639]
36317:[36317, 34688, 34707, 34548, 34529]
36319:[36319, 34784, 35877, 36304, 842]
36320:[36320, 246615, 34669, 34650, 34034]
36321:[36321, 34844, 837, 137037, 75722]
36322:[36322, 36292, 135186, 34702, 219058]
36324:[36324, 36307, 34435, 34482, 34691]
36325:[36325, 34512, 34461, 34481, 34668]
36326:[36326, 34531, 34550, 135210, 14906]
36327:[36327, 36297, 34962, 34034, 34650]
37108:[37108, 127344, 31782, 213106, 791]
37147:[37147, 1046, 1051, 1777, 1778]
37152:[37152, 215688, 137248, 216888, 136984]
37165:[37165, 37168, 213297, 1251, 218725]
37166:[37166, 136977, 137380, 137836, 137377]
37168:[37165, 37168, 213297, 1251, 218725]
37170:[37170, 75575, 271883, 271884, 137381]
37173:[37173, 218760, 75571, 219271, 14930]
37187:[37187, 1026, 1139, 835, 246626]
37188:[37188, 75586, 827, 1139, 213077]
46978:[46978, 14885, 137031, 1063, 75661]
46979:[46979, 862, 219216, 213206, 215691]
46981:[46981, 34470, 114817, 14963, 1246]
46983:[46983, 219206, 219207, 1266, 14924]
46984:[46984, 219223, 271070, 219221, 75708]
74003:[74003, 14922, 137609, 136996, 26287]
74016:[74016, 1260, 218759, 811, 213172]
74017:[74017, 218769, 14887, 218917, 75756]
74018:[74018, 218767, 352594, 75573, 352595]
74019:[74019, 218759, 14931, 1260, 246625]
74020:[74020, 216881, 216895, 219106, 1075]
75539:[75539, 1078, 75752, 75623, 219038]
75540:[75540, 75604, 14948, 75728, 137837]
75541:[75541, 246625, 75629, 219050, 859]
75542:[75542, 34618, 75687, 354534, 75746]
75550:[75550, 218389, 271722, 137022, 127417]
75552:[75552, 75561, 75563, 136985, 136986]
75559:[75559, 216869, 137021, 1140, 213295]
75561:[75552, 75561, 75563, 136985, 136986]
75562:[75562, 246374, 215983, 865, 1047]
75563:[75552, 75561, 75563, 136985, 136986]
75564:[75564, 83597, 34791, 213112, 34443]
75565:[75565, 34313, 137036, 1263, 219038]
75566:[75566, 246313, 35883, 75744, 219056]
75567:[75567, 14929, 216663, 222398, 1048]
75568:[75568, 14888, 137562, 37147, 271842]
75569:[75569, 821, 14905, 216898, 219045]
75570:[75570, 613, 218766, 136985, 136986]
75571:[75571, 246394, 37173, 218760, 14930]
75573:[75573, 75657, 352595, 352594, 218767]
75575:[75575, 37170, 271883, 271884, 352630]
75576:[75576, 75577, 812, 14928, 1083]
75577:[75576, 75577, 812, 14928, 1083]
75580:[75580, 822, 218977, 18838, 817]
75582:[75582, 880, 246616, 34899, 34304]
75583:[75583, 271958, 661, 221923, 221924]
75584:[75584, 246644, 216491, 828, 218678]
75585:[75585, 853, 218884, 1143, 35880]
75586:[75586, 827, 1139, 37188, 34884]
75588:[75588, 137561, 137398, 222631, 218390]
75589:[75589, 1076, 219227, 826, 222399]
75590:[75590, 215985, 271621, 248621, 137396]
75595:[75595, 75596, 75598, 75599, 75633]
75596:[75595, 75596, 75598, 75599, 75633]
75598:[75595, 75596, 75598, 75599, 75633]
75599:[75595, 75596, 75598, 75599, 75633]
75601:[75601, 75602, 75742, 727, 83603]
75602:[75602, 75601, 137027, 75742, 83603]
75604:[75604, 75540, 14948, 75728, 218977]
75605:[75605, 75606, 219246, 75751, 216895]
75606:[75606, 75605, 219246, 75751, 216895]
75609:[75609, 75610, 219310, 924, 1258]
75610:[75609, 75610, 219310, 924, 1258]
75611:[75611, 75612, 75613, 75614, 75727]
75612:[75611, 75612, 75613, 75614, 75727]
75613:[75611, 75612, 75613, 75614, 75727]
75614:[75611, 75612, 75613, 75614, 75727]
75616:[75616, 218720, 818, 246395, 35884]
75617:[75617, 137029, 34704, 216653, 219244]
75619:[75619, 75692, 75693, 75694, 75695]
75623:[75623, 1078, 75539, 75658, 75752]
75628:[75628, 271823, 1780, 137032, 219043]
75629:[75629, 1081, 75541, 246625, 859]
75631:[75631, 246624, 127340, 75632, 75727]
75632:[75632, 246624, 127340, 136995, 75631]
75633:[75595, 75596, 75598, 75599, 75633]
75635:[75595, 75596, 75598, 75599, 75633]
75636:[75595, 75596, 75598, 75599, 75633]
75637:[75595, 75596, 75598, 75599, 75633]
75638:[75638, 34046, 14924, 213296, 14890]
75639:[75639, 75640, 75641, 75642, 75643]
75640:[75639, 75640, 75641, 75642, 75643]
75641:[75639, 75640, 75641, 75642, 75643]
75642:[75639, 75640, 75641, 75642, 75643]
75643:[75639, 75640, 75641, 75642, 75643]
75644:[75639, 75640, 75641, 75642, 75643]
75645:[75639, 75640, 75641, 75642, 75643]
75646:[75639, 75640, 75641, 75642, 75643]
75647:[75639, 75640, 75641, 75642, 75643]
75648:[75648, 75687, 219236, 75746, 75750]
75649:[75639, 75640, 75641, 75642, 75643]
75650:[75639, 75640, 75641, 75642, 75643]
75651:[75639, 75640, 75641, 75642, 75643]
75652:[75639, 75640, 75641, 75642, 75643]
75653:[75639, 75640, 75641, 75642, 75643]
75654:[75639, 75640, 75641, 75642, 75643]
75655:[75639, 75640, 75641, 75642, 75643]
75657:[75657, 75573, 352595, 352594, 1265]
75658:[75658, 218917, 1074, 75623, 1078]
75661:[75661, 1255, 1214, 1063, 75747]
75662:[75662, 219059, 213146, 844, 665]
75665:[75665, 75666, 218922, 216888, 1766]
75666:[75665, 75666, 218922, 216888, 1766]
75683:[75683, 1264, 26305, 35879, 820]
75684:[75684, 75685, 218445, 127424, 1230]
75685:[75684, 75685, 218445, 127424, 1230]
75686:[75686, 273288, 246313, 35883, 1234]
75687:[75687, 75746, 219236, 75648, 34618]
75689:[75689, 34879, 812, 246613, 34969]
75690:[75690, 34883, 137609, 26287, 136996]
75691:[75691, 83603, 727, 75602, 75601]
75692:[75692, 75693, 75694, 75695, 75696]
75693:[75692, 75693, 75694, 75695, 75696]
75694:[75692, 75693, 75694, 75695, 75696]
75695:[75692, 75693, 75694, 75695, 75696]
75696:[75692, 75693, 75694, 75695, 75696]
75708:[75708, 219221, 46984, 219223, 137249]
75716:[75716, 75745, 75764, 857, 75628]
75722:[75722, 1261, 137037, 718, 837]
75727:[75727, 127340, 75631, 219312, 246624]
75728:[75728, 75540, 75604, 14948, 218977]
75742:[75742, 137027, 75602, 75601, 34666]
75743:[75743, 34809, 34848, 34790, 34557]
75744:[75744, 271614, 273371, 213148, 267497]
75745:[75745, 857, 75764, 75716, 219043]
75746:[75746, 75750, 75687, 219236, 75648]
75747:[75747, 1255, 1214, 1063, 75661]
75748:[75748, 75565, 34313, 1263, 663]
75749:[75749, 720, 46979, 219216, 848]
75750:[75750, 75746, 219236, 75687, 354534]
75751:[75751, 219246, 1075, 75605, 75606]
75752:[75752, 26324, 1256, 75539, 1078]
75753:[75753, 1132, 215689, 135187, 216883]
75754:[75754, 136978, 219106, 218916, 222713]
75756:[75756, 218917, 74017, 215690, 218921]
75760:[75760, 137849, 246426, 248138, 1143]
75761:[75761, 867, 218793, 218789, 35880]
75762:[75762, 218719, 14909, 14967, 218732]
75763:[75763, 267498, 267506, 18839, 219215]
75764:[75764, 75745, 857, 75716, 218924]
75765:[75765, 1259, 219274, 728, 216158]
83596:[83596, 14922, 74003, 14926, 35000]
83597:[83597, 75564, 213112, 34791, 605]
83600:[83600, 14893, 215690, 213056, 218921]
83601:[83601, 14912, 222630, 14946, 216880]
83602:[83602, 3649, 218921, 218919, 355023]
83603:[83603, 727, 75601, 75602, 75742]
114817:[114817, 137027, 34470, 46981, 34666]
115095:[115095, 246647, 128731, 216883, 135187]
115135:[115135, 1230, 14964, 218445, 127372]
121068:[121068, 839, 852, 218378, 216886]
127340:[127340, 246624, 136995, 75632, 219312]
127341:[127341, 246394, 246703, 222399, 355584]
127342:[127342, 216879, 218676, 271618, 246643]
127343:[127343, 246340, 246643, 874, 218677]
127344:[127344, 31782, 37108, 246393, 791]
127345:[127345, 216896, 127346, 215693, 271618]
127346:[127346, 215693, 216896, 246393, 127345]
127354:[127354, 216898, 75569, 14905, 219045]
127372:[127372, 1232, 14964, 218445, 115135]
127373:[127373, 127374, 137037, 14932, 845]
127374:[127374, 127373, 137837, 75540, 14932]
127375:[127375, 14890, 218968, 217436, 219057]
127417:[127417, 271844, 137022, 271722, 217101]
127422:[127422, 219273, 219205, 219223, 34301]
127424:[127424, 1232, 218445, 14964, 127372]
127426:[127426, 851, 814, 246653, 219245]
127590:[127590, 1243, 136995, 127340, 246624]
127593:[127593, 14903, 218791, 213056, 34904]
128199:[128199, 271729, 213273, 850, 354663]
128545:[128545, 137849, 14891, 1142, 246426]
128653:[128653, 217525, 267511, 135199, 271954]
128654:[128654, 135193, 219233, 1034, 649]
128731:[128731, 115095, 216148, 356374, 135218]
135132:[135132, 135133, 246375, 37108, 127344]
135133:[135132, 135133, 246375, 37108, 127344]
135186:[135186, 34702, 219058, 664, 36292]
135187:[135187, 216883, 215689, 246647, 137035]
135188:[135188, 135189, 250931, 267496, 590]
135189:[135189, 135188, 250931, 590, 642]
135190:[135190, 135191, 135203, 135201, 645]
135191:[135191, 137039, 135190, 135203, 135201]
135193:[135193, 128654, 649, 219233, 1034]
135194:[135194, 218787, 219204, 218724, 34442]
135195:[135195, 135198, 653, 218788, 135196]
135196:[135196, 221932, 218788, 218988, 135198]
135197:[1128, 1130, 135197, 213757, 217517]
135198:[135198, 135195, 653, 218788, 135196]
135199:[135199, 271954, 267511, 218988, 128653]
135200:[135200, 271939, 271946, 271944, 654]
135201:[135201, 135203, 645, 219270, 135190]
135202:[135202, 137019, 219220, 137039, 135191]
135203:[135203, 135201, 645, 135190, 135191]
135210:[135210, 14906, 36326, 246616, 616]
135214:[135214, 135215, 213206, 14902, 862]
135215:[135214, 135215, 213206, 14902, 862]
135216:[135216, 18841, 218723, 1252, 273243]
135217:[135217, 219212, 14919, 14920, 841]
135218:[135218, 356374, 219217, 128731, 246646]
136977:[136977, 34900, 37166, 137033, 137836]
136978:[136978, 75754, 219106, 218916, 271617]
136979:[136979, 215794, 219043, 1780, 213752]
136984:[136984, 218750, 216888, 215688, 75665]
136985:[136985, 136986, 75552, 75561, 75563]
136986:[136985, 136986, 75552, 75561, 75563]
136995:[136995, 127340, 246624, 75632, 219312]
136996:[136996, 137609, 75690, 74003, 26287]
137019:[137019, 219220, 135202, 137039, 135191]
137020:[137020, 217520, 271958, 75583, 661]
137021:[137021, 75559, 216869, 1140, 213295]
137022:[137022, 216884, 271722, 217101, 127417]
137023:[137023, 278925, 75570, 355023, 225448]
137024:[137024, 246655, 246336, 14945, 14947]
137025:[137025, 34964, 271843, 127426, 246336]
137026:[137026, 219237, 15464, 213752, 356374]
137027:[137027, 75742, 114817, 75602, 75601]
137028:[137028, 137529, 213172, 218447, 216885]
137029:[137029, 14934, 75617, 219244, 14946]
137030:[137030, 859, 855, 75541, 825]
137031:[137031, 46978, 14885, 719, 1063]
137032:[137032, 14925, 1780, 137395, 219238]
137033:[137033, 34900, 34997, 136977, 137249]
137034:[137034, 26305, 820, 35879, 1132]
137035:[137035, 219229, 18840, 271792, 218754]
137036:[137036, 34313, 217556, 216897, 213208]
137037:[137037, 75722, 1261, 718, 219042]
137038:[137038, 216537, 14926, 14892, 219205]
137039:[137039, 135191, 135190, 135203, 135201]
137124:[137124, 271947, 654, 246312, 271612]
137248:[137248, 26276, 215688, 213056, 218791]
137249:[137249, 75708, 137033, 219221, 34900]
137250:[137250, 75692, 75693, 75694, 75695]
137377:[137377, 246689, 137380, 215905, 37166]
137379:[137379, 1234, 218728, 267507, 846]
137380:[137380, 37166, 137377, 137836, 246689]
137381:[137381, 218732, 14909, 271884, 271883]
137383:[137383, 137384, 137385, 34473, 34453]
137384:[137383, 137384, 137385, 34473, 34453]
137385:[137385, 137383, 137384, 34473, 34453]
137392:[137392, 75752, 26324, 1256, 75539]
137394:[137394, 213148, 1249, 1231, 212320]
137395:[137395, 1780, 271823, 137032, 14925]
137396:[137396, 213200, 248621, 246687, 1047]
137398:[137398, 218390, 75588, 865, 215983]
137407:[137407, 213073, 246761, 246373, 213271]
137413:[137413, 863, 216492, 137407, 213073]
137529:[137529, 137028, 213172, 1258, 216551]
137530:[137530, 271641, 14919, 14920, 648]
137561:[137561, 75588, 218390, 222631, 225467]
137562:[137562, 75568, 14888, 37147, 14915]
137563:[137563, 14935, 246689, 219274, 806]
137565:[137565, 14917, 14918, 218721, 135216]
137608:[137608, 218727, 728, 216158, 35889]
137609:[137609, 136996, 75690, 26287, 34883]
137836:[137836, 37166, 136977, 137380, 34900]
137837:[137837, 1079, 14932, 18838, 845]
137847:[137847, 216533, 127341, 355584, 219227]
137848:[137848, 964, 218957, 217519, 647]
137849:[137849, 75760, 128545, 35888, 222713]
137861:[137861, 219046, 219222, 219210, 246729]
212320:[212320, 1231, 273371, 271641, 34878]
212321:[212321, 1262, 218959, 219050, 246639]
213041:[213041, 213077, 37188, 222400, 219230]
213055:[213055, 219222, 219046, 856, 137861]
213056:[213056, 218791, 14887, 83600, 215690]
213073:[213073, 137407, 246373, 246761, 213271]
213074:[213074, 216491, 246376, 75584, 246644]
213076:[213076, 215984, 213272, 213271, 246761]
213077:[213077, 213041, 37188, 217101, 222400]
213106:[213106, 213753, 791, 37108, 246375]
213112:[213112, 1064, 34791, 605, 83597]
213146:[213146, 75662, 34903, 665, 14962]
213148:[213148, 75744, 271614, 273371, 75566]
213157:[213157, 216937, 14908, 246639, 854]
213172:[213172, 246336, 216551, 137529, 246653]
213200:[213200, 248621, 246687, 1047, 1053]
213203:[213203, 219211, 218957, 807, 352630]
213206:[213206, 135214, 135215, 862, 46979]
213208:[213208, 34885, 137036, 136985, 136986]
213271:[213271, 213272, 215984, 246373, 213073]
213272:[213272, 213271, 215984, 246373, 213073]
213273:[213273, 271729, 135218, 216148, 128731]
213295:[213295, 271842, 1140, 14930, 137021]
213296:[213296, 35002, 34046, 75638, 34997]
213297:[213297, 37165, 37168, 1251, 34045]
213668:[213668, 271640, 216887, 216533, 216882]
213751:[213751, 271636, 354663, 1780, 136979]
213752:[213752, 137026, 15464, 216894, 219237]
213753:[213753, 213106, 271619, 222398, 218389]
213757:[1128, 1130, 135197, 213757, 217517]
215685:[215685, 663, 616, 1263, 217556]
215686:[215686, 35880, 218884, 218789, 853]
215687:[215687, 821, 271627, 835, 75569]
215688:[215688, 137248, 37152, 215690, 14893]
215689:[215689, 135187, 216883, 246647, 219248]
215690:[215690, 83600, 14893, 75756, 218921]
215691:[215691, 213206, 862, 46979, 135214]
215692:[215692, 218447, 75728, 14948, 1258]
215693:[215693, 246393, 127346, 216896, 127345]
215794:[215794, 218918, 136979, 354663, 75628]
215905:[215905, 246689, 14924, 46983, 137377]
215983:[215983, 865, 137398, 246374, 75588]
215984:[215984, 213076, 213272, 213271, 222631]
215985:[215985, 75590, 271621, 137396, 248621]
216148:[216148, 14914, 128731, 219229, 216883]
216158:[216158, 218727, 137608, 1259, 35887]
216489:[216489, 222631, 865, 75588, 137398]
216491:[216491, 75584, 246644, 213074, 246376]
216492:[216492, 863, 137413, 271641, 273371]
216533:[216533, 213668, 246703, 271640, 355584]
216537:[216537, 137038, 14926, 34301, 127422]
216551:[216551, 246653, 219310, 213172, 216885]
216653:[216653, 75631, 75727, 75632, 127340]
216661:[216661, 246739, 218894, 137035, 14914]
216663:[216663, 222398, 75567, 14929, 246375]
216680:[216680, 218784, 34045, 1230, 1251]
216869:[216869, 75559, 137021, 1140, 213295]
216879:[216879, 127342, 218676, 246643, 246340]
216880:[216880, 14963, 246614, 1246, 14912]
216881:[216881, 1075, 216895, 819, 1062]
216882:[216882, 246339, 218678, 828, 354317]
216883:[216883, 246647, 135187, 216891, 225469]
216884:[216884, 137022, 217101, 246728, 271722]
216885:[216885, 216551, 219310, 246653, 218447]
216886:[216886, 216893, 34932, 819, 797]
216887:[216887, 271640, 213668, 354317, 14889]
216888:[216888, 218750, 136984, 75665, 75666]
216889:[216889, 1264, 26305, 820, 225468]
216890:[216890, 219038, 1228, 218919, 218631]
216891:[216891, 246647, 216883, 218383, 135187]
216892:[216892, 216883, 246717, 75753, 135187]
216893:[216893, 797, 216886, 819, 1062]
216894:[216894, 15464, 213752, 799, 137026]
216895:[216895, 1075, 219246, 216881, 271793]
216896:[216896, 271618, 127345, 127346, 215693]
216897:[216897, 219047, 137036, 1078, 219038]
216898:[216898, 75569, 821, 14905, 127354]
216937:[216937, 14908, 213157, 218987, 246654]
217101:[217101, 137022, 216884, 246728, 271844]
217392:[217392, 874, 246340, 218677, 246643]
217435:[217435, 222634, 222813, 137398, 137561]
217436:[217436, 218968, 219057, 14927, 219219]
217517:[1128, 1130, 135197, 213757, 217517]
217518:[217518, 1030, 218722, 809, 219208]
217519:[217519, 647, 807, 34998, 267503]
217520:[217520, 137020, 271958, 661, 75583]
217521:[1128, 1130, 135197, 213757, 217517]
217522:[1128, 1130, 135197, 213757, 217517]
217523:[1128, 1130, 135197, 213757, 217517]
217524:[1128, 1130, 135197, 213757, 217517]
217525:[217525, 128653, 267511, 135199, 271954]
217556:[217556, 34313, 137036, 34314, 611]
217566:[1128, 1130, 135197, 213757, 217517]
217567:[1128, 1130, 135197, 213757, 217517]
218378:[218378, 852, 121068, 218789, 34932]
218383:[218383, 34999, 219248, 216883, 216891]
218384:[218384, 225468, 246646, 225469, 246261]
218389:[218389, 75550, 271619, 271722, 222398]
218390:[218390, 137398, 137561, 75588, 865]
218445:[218445, 1232, 127372, 115135, 127424]
218446:[218446, 219246, 75606, 75605, 75751]
218447:[218447, 215692, 216885, 137028, 218977]
218631:[218631, 246645, 219038, 75539, 216890]
218674:[1128, 1130, 135197, 213757, 217517]
218676:[218676, 127342, 271618, 216879, 246643]
218677:[218677, 874, 246340, 246643, 217392]
218678:[218678, 828, 354317, 216882, 246339]
218716:[218716, 35887, 838, 34884, 34902]
218717:[218717, 137377, 1767, 1770, 246689]
218718:[218718, 810, 34302, 219248, 26277]
218719:[218719, 75762, 14967, 218731, 14909]
218720:[218720, 818, 26287, 35884, 75616]
218721:[218721, 34898, 1027, 219209, 18841]
218722:[218722, 219208, 273243, 809, 217518]
218723:[218723, 1030, 652, 135216, 273243]
218724:[218724, 218787, 219204, 219224, 218730]
218725:[218725, 1265, 75657, 352595, 75573]
218726:[218726, 218728, 849, 267507, 137379]
218727:[218727, 137608, 216158, 728, 34902]
218728:[218728, 218726, 137379, 267507, 1234]
218729:[218729, 1087, 844, 219059, 219058]
218730:[218730, 219224, 219213, 218724, 271887]
218731:[218731, 14967, 651, 218719, 75762]
218732:[218732, 137381, 14909, 271884, 271883]
218750:[218750, 136984, 216888, 75665, 75666]
218754:[218754, 808, 271792, 1083, 26116]
218759:[218759, 74016, 1260, 74019, 14931]
218760:[218760, 37173, 219271, 75571, 14930]
218766:[218766, 136985, 136986, 75570, 75552]
218767:[218767, 352594, 75573, 352595, 75657]
218769:[218769, 74017, 14887, 3649, 75756]
218784:[218784, 216680, 34045, 1251, 127424]
218786:[218786, 807, 218957, 213203, 219211]
218787:[218787, 219204, 135194, 218724, 219224]
218788:[218788, 135196, 221932, 218988, 135198]
218789:[218789, 867, 35880, 215686, 853]
218791:[218791, 14903, 213056, 271615, 127593]
218793:[218793, 867, 1142, 34303, 75761]
218884:[218884, 34969, 215686, 853, 75585]
218894:[218894, 14916, 1781, 218916, 216661]
218916:[218916, 75754, 219106, 271617, 136978]
218917:[218917, 75658, 74017, 75756, 75623]
218918:[218918, 215794, 137395, 75628, 219043]
218919:[218919, 1256, 26324, 219038, 75752]
218920:[218920, 34968, 34620, 222606, 34631]
218921:[218921, 14893, 215690, 75756, 3649]
218922:[218922, 75665, 75666, 1766, 218978]
218924:[218924, 857, 35879, 26305, 75764]
218928:[218928, 14945, 14947, 218978, 246655]
218955:[218955, 34904, 271615, 34905, 34312]
218957:[218957, 213203, 219211, 807, 218786]
218958:[218958, 218446, 219210, 219246, 75751]
218959:[218959, 854, 267625, 246639, 212321]
218968:[218968, 217436, 14890, 219057, 127375]
218977:[218977, 822, 18838, 75580, 75540]
218978:[218978, 246655, 14931, 14945, 218928]
218987:[218987, 246654, 14908, 36316, 216937]
218988:[218988, 271954, 135199, 221932, 135196]
219038:[219038, 219047, 1078, 218631, 216890]
219041:[219041, 219048, 799, 34899, 34200]
219042:[219042, 219049, 1072, 845, 14932]
219043:[219043, 271823, 1780, 75745, 137395]
219044:[219044, 35889, 219207, 1266, 219206]
219045:[219045, 14905, 18839, 135214, 135215]
219046:[219046, 219222, 137861, 848, 219235]
219047:[219047, 219038, 1078, 216897, 75752]
219048:[219041, 219048, 799, 34899, 34200]
219049:[219042, 219049, 1072, 845, 14932]
219050:[219050, 75541, 246625, 212321, 1081]
219056:[219056, 75566, 35883, 246313, 75744]
219057:[219057, 14927, 219219, 217436, 218968]
219058:[219058, 135186, 218729, 664, 1087]
219059:[219059, 1087, 75662, 844, 218729]
219106:[219106, 75754, 136978, 218916, 222713]
219203:[219203, 806, 219274, 14935, 728]
219204:[219204, 218787, 218724, 135194, 219224]
219205:[219205, 127422, 219273, 14892, 219223]
219206:[219206, 219207, 219044, 1266, 46983]
219207:[219207, 219206, 219044, 35889, 1266]
219208:[219208, 218722, 809, 217518, 273243]
219209:[219209, 1230, 115135, 14964, 34898]
219210:[219210, 271793, 1075, 75751, 219246]
219211:[219211, 213203, 218957, 807, 352630]
219212:[219212, 135217, 841, 809, 14919]
219213:[219213, 218730, 219224, 271887, 218724]
219214:[219214, 271887, 219213, 218730, 219224]
219215:[219215, 35887, 267506, 267498, 838]
219216:[219216, 848, 46979, 219235, 862]
219217:[219217, 246646, 356374, 219237, 218384]
219218:[219218, 219272, 246312, 137124, 271886]
219219:[219219, 14927, 219057, 860, 217436]
219220:[219220, 137019, 137039, 135191, 135190]
219221:[219221, 75708, 46984, 267501, 14927]
219222:[219222, 219046, 848, 35885, 213055]
219223:[219223, 219273, 46984, 271070, 127422]
219224:[219224, 218730, 219213, 218724, 271887]
219227:[219227, 355584, 1076, 222399, 246703]
219229:[219229, 137035, 14914, 26116, 271792]
219230:[219230, 222400, 216663, 222398, 246375]
219231:[219231, 34903, 14962, 75690, 267500]
219233:[219233, 1034, 128654, 128653, 217525]
219234:[1128, 1130, 135197, 213757, 217517]
219235:[219235, 848, 219216, 219222, 219046]
219236:[219236, 75687, 75746, 354534, 75648]
219237:[219237, 137026, 246646, 15464, 219217]
219238:[219238, 14925, 137032, 137395, 246645]
219243:[219243, 663, 215685, 616, 1263]
219244:[219244, 1779, 34704, 246614, 137029]
219245:[219245, 814, 127426, 271843, 815]
219246:[219246, 75751, 1075, 216895, 75605]
219247:[1128, 1130, 135197, 213757, 217517]
219248:[219248, 218383, 34302, 14965, 218718]
219249:[219249, 246611, 612, 615, 34311]
219270:[219270, 135201, 645, 649, 135203]
219271:[219271, 35003, 218760, 1087, 37173]
219272:[219272, 219218, 246312, 137124, 271886]
219273:[219273, 127422, 219223, 219205, 271070]
219274:[219274, 75765, 806, 1259, 728]
219275:[1128, 1130, 135197, 213757, 217517]
219309:[219309, 219106, 75754, 271793, 74020]
219310:[219310, 924, 216551, 1258, 246653]
219311:[1128, 1130, 135197, 213757, 217517]
219312:[219312, 127340, 75727, 246624, 136995]
221923:[221923, 221924, 271958, 75583, 271935]
221924:[221923, 221924, 271958, 75583, 271935]
221932:[221932, 135196, 218788, 218988, 271954]
222294:[222294, 836, 798, 14907, 216886]
222398:[222398, 216663, 246375, 75567, 213753]
222399:[222399, 355584, 246703, 219227, 1076]
222400:[222400, 271722, 219230, 75550, 218389]
222606:[222606, 608, 861, 843, 805]
222630:[222630, 14912, 34849, 219244, 246614]
222631:[222631, 216489, 75588, 137561, 865]
222634:[222634, 217435, 864, 271724, 137561]
222713:[222713, 137849, 219106, 75760, 271617]
222813:[222813, 246374, 217435, 215983, 137398]
225448:[225448, 213056, 83600, 137023, 834]
225467:[225467, 137561, 864, 271724, 222631]
225468:[225468, 218384, 225469, 246261, 820]
225469:[225469, 246261, 225468, 216883, 218384]
225897:[1128, 1130, 135197, 213757, 217517]
225899:[1128, 1130, 135197, 213757, 217517]
225900:[1128, 1130, 135197, 213757, 217517]
246261:[225469, 246261, 225468, 216883, 218384]
246312:[246312, 219218, 219272, 137124, 271947]
246313:[246313, 75566, 35883, 75686, 219056]
246316:[246316, 14915, 137562, 1250, 75568]
246336:[246336, 213172, 271843, 137024, 218759]
246337:[246337, 829, 868, 246730, 35890]
246339:[246339, 216882, 354317, 218678, 828]
246340:[246340, 246643, 874, 127343, 218677]
246373:[246373, 246761, 137407, 213073, 213271]
246374:[246374, 215983, 75562, 222813, 865]
246375:[246375, 222398, 1048, 213106, 37108]
246376:[246376, 127343, 218676, 216491, 246340]
246393:[246393, 215693, 127346, 31782, 216896]
246394:[246394, 127341, 75571, 246703, 355584]
246395:[246395, 35005, 26287, 218720, 75616]
246426:[246426, 248138, 1143, 75760, 128545]
246610:[246610, 850, 880, 34483, 34463]
246611:[246611, 219249, 612, 615, 34934]
246612:[246612, 608, 222606, 824, 805]
246613:[246613, 34879, 812, 75689, 26274]
246614:[246614, 219244, 216880, 1779, 14912]
246615:[246615, 36320, 34669, 34650, 34902]
246616:[246616, 34899, 75582, 35357, 219041]
246617:[246617, 35357, 34304, 75582, 34586]
246624:[246624, 127340, 136995, 75632, 75631]
246625:[246625, 75541, 75629, 859, 14931]
246626:[246626, 833, 800, 1026, 37187]
246639:[246639, 14908, 14903, 34905, 216937]
246643:[246643, 246340, 874, 127343, 218676]
246644:[246644, 75584, 828, 216491, 218678]
246645:[246645, 218631, 1228, 219238, 216890]
246646:[246646, 219217, 356374, 219237, 218384]
246647:[246647, 216883, 115095, 216891, 135187]
246653:[246653, 216551, 127426, 815, 219245]
246654:[246654, 218987, 216937, 14908, 36316]
246655:[246655, 218978, 14931, 137024, 859]
246687:[246687, 248621, 1046, 1051, 213200]
246689:[246689, 137377, 215905, 137563, 127417]
246690:[246690, 614, 834, 615, 34934]
246691:[246691, 246692, 805, 824, 608]
246692:[246692, 246691, 246704, 608, 805]
246703:[246703, 355584, 222399, 219227, 127341]
246704:[246704, 843, 1228, 34929, 608]
246716:[246716, 75585, 868, 218884, 246337]
246717:[246717, 35890, 246730, 216892, 810]
246728:[246728, 216884, 217101, 1229, 137022]
246729:[246729, 1066, 830, 35885, 639]
246730:[246730, 35890, 246337, 868, 246717]
246739:[246739, 14914, 216661, 219229, 137035]
246761:[246761, 246373, 137407, 213073, 213271]
248138:[246426, 248138, 1143, 75760, 128545]
248620:[248620, 213077, 800, 354521, 37188]
248621:[248621, 246687, 213200, 1046, 1051]
250931:[250931, 267496, 135188, 267495, 135189]
267495:[267495, 267496, 271613, 250931, 267556]
267496:[267496, 267495, 250931, 271613, 267556]
267497:[267497, 271614, 75744, 273371, 212320]
267498:[267498, 267506, 75763, 219215, 18839]
267500:[267500, 818, 218720, 35884, 26287]
267501:[267501, 219221, 271070, 46984, 75708]
267502:[267502, 35005, 34481, 34461, 246395]
267503:[267503, 849, 34998, 218726, 218728]
267506:[267506, 267498, 219215, 75763, 35887]
267507:[267507, 1234, 137379, 218728, 273288]
267511:[267511, 135199, 217525, 128653, 271954]
267556:[267556, 267495, 267496, 250931, 271611]
267625:[267625, 34905, 218959, 246639, 14903]
271070:[271070, 219223, 219273, 46984, 127422]
271096:[271096, 75716, 75628, 928, 926]
271097:[271097, 271728, 135198, 135195, 653]
271610:[271610, 271612, 271947, 137124, 271944]
271611:[271611, 267556, 1128, 1130, 135197]
271612:[271612, 271610, 137124, 271947, 246312]
271613:[271613, 267495, 267496, 250931, 267556]
271614:[271614, 75744, 273371, 267497, 213148]
271615:[271615, 218955, 218791, 34904, 213056]
271616:[271616, 271882, 218447, 14948, 215692]
271617:[271617, 222713, 218916, 137849, 219106]
271618:[271618, 216896, 218676, 127345, 127346]
271619:[271619, 213753, 218389, 213106, 34900]
271621:[271621, 75590, 137021, 215985, 75559]
271627:[271627, 215687, 821, 1229, 75569]
271636:[271636, 213751, 137392, 14925, 137032]
271640:[271640, 213668, 216887, 216533, 354317]
271641:[271641, 648, 34878, 1231, 212320]
271722:[271722, 137022, 75550, 127417, 222400]
271724:[271724, 864, 225467, 137561, 218390]
271725:[271725, 271845, 137024, 246655, 216888]
271727:[271727, 135194, 34391, 219204, 218787]
271728:[271728, 221932, 218788, 135196, 218988]
271729:[271729, 213273, 135218, 216148, 356374]
271730:[271730, 74020, 852, 218378, 216881]
271792:[271792, 26116, 218754, 808, 18840]
271793:[271793, 1075, 219210, 75751, 216895]
271823:[271823, 1780, 219043, 137395, 75628]
271841:[271841, 837, 1072, 36321, 137037]
271842:[271842, 213295, 1140, 14930, 137021]
271843:[271843, 219245, 127426, 246653, 814]
271844:[271844, 127417, 137022, 1229, 217101]
271845:[271845, 271725, 137024, 246336, 246655]
271882:[271882, 215692, 271616, 218447, 14948]
271883:[271883, 271884, 137381, 352630, 218732]
271884:[271884, 271883, 137381, 352630, 218732]
271886:[271886, 219272, 219218, 219214, 246312]
271887:[271887, 219214, 219213, 218730, 219224]
271935:[271935, 271943, 271949, 221923, 221924]
271937:[271937, 271938, 271941, 271942, 271948]
271938:[271938, 271941, 271937, 271942, 271948]
271939:[271939, 271946, 135200, 271944, 217520]
271940:[271940, 271945, 217519, 647, 807]
271941:[271938, 271941, 271937, 271942, 271948]
271942:[271942, 271938, 271941, 271948, 271937]
271943:[271935, 271943, 271949, 221923, 221924]
271944:[271944, 271947, 654, 135200, 271939]
271945:[271940, 271945, 217519, 647, 807]
271946:[271946, 271939, 135200, 271944, 217520]
271947:[271947, 137124, 654, 271944, 271610]
271948:[271948, 271942, 271938, 271941, 271937]
271949:[271935, 271943, 271949, 221923, 221924]
271950:[271950, 271951, 271952, 271953, 271955]
271951:[271950, 271951, 271952, 271953, 271955]
271952:[271950, 271951, 271952, 271953, 271955]
271953:[271950, 271951, 271952, 271953, 271955]
271954:[271954, 135199, 218988, 267511, 221932]
271955:[271955, 271956, 271950, 271951, 271952]
271956:[271955, 271956, 271950, 271951, 271952]
271957:[271957, 271955, 271956, 271962, 271963]
271958:[271958, 75583, 221923, 221924, 137020]
271959:[271959, 271961, 271955, 271956, 271950]
271960:[271960, 271962, 271963, 271964, 271957]
271961:[271961, 271959, 271955, 271956, 271950]
271962:[271962, 271963, 271964, 271960, 271957]
271963:[271962, 271963, 271964, 271960, 271957]
271964:[271962, 271963, 271964, 271960, 271957]
271965:[271965, 127374, 127373, 717, 718]
271966:[271966, 271725, 271845, 1766, 216937]
273242:[273242, 851, 815, 127426, 605]
273243:[273243, 218722, 1252, 1030, 217518]
273287:[273287, 34461, 34481, 34035, 267502]
273288:[273288, 75686, 1234, 267507, 137379]
273371:[273371, 212320, 271614, 1231, 75744]
278925:[278925, 137023, 834, 824, 355023]
278926:[278926, 1066, 798, 830, 246729]
352530:[352530, 352630, 271883, 271884, 219211]
352594:[352594, 352595, 75573, 75657, 218767]
352595:[352595, 352594, 75657, 75573, 218725]
352630:[352630, 352530, 271883, 271884, 219211]
354317:[354317, 218678, 828, 216882, 246339]
354521:[354521, 271627, 215687, 833, 821]
354534:[354534, 219236, 75746, 75750, 75687]
354663:[354663, 215794, 213751, 136979, 218918]
355023:[355023, 75623, 137023, 1078, 218917]
355584:[355584, 246703, 222399, 219227, 1076]
356374:[356374, 219217, 246646, 135218, 137026]
