552:[553, 554, 555, 556]
553:[552, 554, 555, 556]
554:[552, 553, 555, 556]
555:[552, 553, 554, 556]
556:[552, 553, 554, 555]
558:[552, 553, 554, 555]
559:[552, 553, 554, 555]
560:[552, 553, 554, 555]
561:[552, 553, 554, 555]
562:[552, 553, 554, 555]
563:[552, 553, 554, 555]
564:[552, 553, 554, 555]
565:[552, 553, 554, 555]
566:[552, 553, 554, 555]
567:[552, 553, 554, 555]
568:[552, 553, 554, 555]
569:[552, 553, 554, 555]
570:[552, 553, 554, 555]
571:[552, 553, 554, 555]
572:[552, 553, 554, 555]
573:[552, 553, 554, 555]
574:[552, 553, 554, 555]
575:[552, 553, 554, 555]
576:[552, 553, 554, 555]
578:[579, 580, 581, 582]
579:[578, 580, 581, 582]
580:[578, 579, 581, 582]
581:[578, 579, 580, 582]
582:[578, 579, 580, 581]
583:[552, 553, 554, 555]
585:[552, 553, 554, 555]
587:[552, 553, 554, 555]
588:[552, 553, 554, 555]
589:[552, 553, 554, 555]
590:[642, 643, 644, 646]
605:[34929, 34904, 34200, 14887]
606:[3649, 271617, 271616, 797]
607:[851, 34694, 803, 75632]
608:[859, 246729, 246646, 612]
609:[246616, 34587, 14963, 218384]
610:[213172, 137033, 615, 837]
611:[34461, 34481, 645, 219270]
612:[1228, 246729, 608, 859]
613:[215691, 246395, 137034, 218793]
614:[213157, 1072, 216881, 216880]
615:[75539, 610, 837, 34676]
616:[219212, 812, 34303, 137379]
617:[135217, 267500, 219248, 75742]
618:[34969, 127426, 36306, 34503]
637:[34905, 34657, 137609, 218987]
639:[640, 1211, 137023, 137392]
640:[639, 1211, 137023, 137392]
642:[590, 643, 644, 646]
643:[590, 642, 644, 646]
644:[590, 642, 643, 646]
645:[611, 219270, 1265, 34461]
646:[590, 642, 643, 644]
647:[219223, 219209, 219273, 135216]
648:[218957, 34313, 218445, 34045]
649:[135196, 137020, 135191, 35889]
650:[590, 642, 643, 644]
651:[219208, 246313, 135201, 135195]
652:[218723, 135202, 219059, 135203]
653:[219211, 219224, 219213, 718]
654:[219273, 135216, 219223, 647]
655:[590, 642, 643, 644]
656:[590, 642, 643, 644]
657:[590, 642, 643, 644]
658:[590, 642, 643, 644]
659:[590, 642, 643, 644]
661:[135198, 271886, 218731, 271935]
662:[590, 642, 643, 644]
663:[14927, 1234, 846, 35884]
664:[218730, 219214, 219216, 219231]
665:[46984, 1242, 218732, 219272]
716:[135190, 271097, 271945, 271940]
717:[271097, 271942, 271938, 271937]
718:[219224, 219211, 653, 218721]
719:[271940, 271945, 271959, 271961]
720:[271887, 271728, 75748, 75749]
727:[34900, 216881, 219210, 213157]
728:[217436, 75728, 216653, 34591]
791:[246626, 127342, 271722, 1048]
797:[75754, 136984, 271617, 3649]
798:[246612, 278926, 868, 246426]
799:[1077, 35888, 14891, 216890]
800:[246394, 828, 75568, 213295]
802:[135210, 34997, 1132, 136995]
803:[246395, 607, 613, 218793]
805:[246690, 825, 855, 219041]
806:[36291, 18838, 213055, 127426]
807:[1030, 127374, 75577, 75576]
808:[218383, 36326, 34999, 127340]
809:[1252, 35883, 219243, 1231]
810:[1083, 34620, 928, 926]
811:[75583, 14964, 75683, 34501]
812:[219212, 616, 34303, 213203]
814:[218716, 34964, 35880, 34882]
815:[75689, 219221, 137036, 218718]
817:[219203, 35003, 1035, 137029]
818:[217519, 217518, 75573, 218726]
819:[834, 75571, 355023, 271636]
820:[135215, 135214, 26277, 218631]
821:[15464, 216893, 215794, 248138]
822:[34932, 121068, 1246, 35004]
824:[1026, 75550, 1143, 271725]
825:[855, 246336, 805, 1066]
826:[864, 246339, 874, 246644]
827:[75586, 271844, 218389, 14930]
828:[800, 246394, 75568, 222400]
829:[278925, 246728, 219246, 271882]
830:[35890, 216886, 271845, 83600]
833:[216884, 137022, 1139, 218389]
834:[819, 355023, 14904, 34457]
835:[75605, 75606, 354663, 215687]
836:[218678, 14929, 215693, 1140]
837:[75539, 137563, 213172, 14921]
838:[216889, 34311, 219043, 246647]
839:[854, 34314, 75631, 34997]
840:[218920, 137861, 271792, 843]
841:[218725, 218957, 246312, 648]
842:[34523, 34503, 34653, 36306]
843:[216885, 14912, 840, 215688]
844:[34970, 75687, 1260, 34304]
845:[219042, 219049, 34405, 1045]
846:[35884, 663, 1234, 1034]
848:[219219, 218789, 219215, 849]
849:[1264, 848, 34879, 34035]
850:[246717, 797, 246728, 278925]
851:[34694, 607, 75632, 34686]
852:[74019, 1079, 34586, 218378]
853:[34999, 246613, 218383, 808]
854:[839, 34314, 75631, 218754]
855:[825, 246336, 805, 1066]
856:[213112, 26305, 137029, 34883]
857:[46978, 35887, 1232, 34046]
859:[608, 246646, 246729, 14945]
860:[218727, 34619, 34599, 75716]
861:[34312, 127422, 34898, 267502]
862:[215685, 127372, 75609, 75610]
863:[213272, 213271, 217392, 271621]
864:[246339, 826, 874, 271842]
865:[218390, 216491, 215985, 215983]
866:[213073, 246761, 215984, 215983]
867:[75742, 135217, 34560, 34541]
868:[278926, 248138, 246426, 216893]
874:[246339, 246340, 271842, 1046]
880:[218884, 838, 34311, 216889]
919:[921, 923, 920, 922]
920:[919, 921, 923, 922]
921:[919, 923, 920, 922]
922:[919, 921, 923, 920]
923:[919, 921, 920, 922]
924:[1262, 74017, 14948, 75540]
926:[927, 928, 14931, 136996]
927:[926, 928, 14931, 136996]
928:[926, 927, 14931, 136996]
964:[75575, 34201, 14966, 75541]
1026:[1143, 271725, 136978, 218958]
1027:[34046, 35887, 34302, 34879]
1029:[1259, 75570, 35879, 219271]
1030:[807, 246312, 127374, 273288]
1034:[1234, 35884, 14927, 846]
1035:[35003, 219203, 817, 218759]
1045:[219049, 219042, 34618, 845]
1046:[1051, 37147, 246340, 137021]
1047:[1053, 213200, 137847, 137561]
1048:[246626, 791, 127342, 271722]
1051:[1046, 37147, 246340, 137021]
1053:[1047, 213200, 137847, 137561]
1062:[137377, 219229, 137028, 26275]
1063:[137027, 219236, 34531, 34550]
1064:[219050, 137031, 137837, 34629]
1066:[246336, 14914, 855, 825]
1072:[219210, 213157, 216880, 614]
1074:[75658, 218754, 74018, 75631]
1075:[14902, 218447, 246739, 216888]
1076:[222294, 355584, 127343, 354317]
1077:[799, 35888, 216890, 14891]
1078:[137035, 1142, 115095, 137030]
1079:[852, 137837, 1064, 219050]
1081:[26287, 1266, 219058, 213203]
1082:[212320, 75747, 219233, 74016]
1083:[810, 14931, 136996, 928]
1086:[34459, 34479, 34696, 36325]
1087:[218720, 75609, 75610, 127372]
1128:[1130, 135197, 213757, 217517]
1130:[1128, 135197, 213757, 217517]
1132:[136995, 1258, 216537, 802]
1139:[271729, 833, 37187, 127417]
1140:[215693, 127346, 246643, 218678]
1142:[137035, 1078, 115095, 121068]
1143:[1026, 271725, 136978, 218958]
1211:[639, 640, 246611, 137023]
1214:[1255, 75764, 218968, 271883]
1228:[612, 246729, 14947, 608]
1229:[83602, 31782, 271627, 127344]
1230:[34998, 267497, 218721, 218788]
1231:[14909, 218719, 115135, 35883]
1232:[46978, 857, 35887, 218729]
1234:[35884, 1034, 14927, 663]
1235:[75665, 75666, 137861, 271792]
1242:[665, 46984, 219272, 219216]
1243:[216883, 246654, 271793, 75753]
1246:[75602, 271823, 822, 34932]
1249:[74020, 219271, 75745, 1259]
1250:[354521, 216533, 354317, 355584]
1251:[34903, 352630, 128654, 218728]
1252:[219243, 809, 1263, 35883]
1255:[1214, 75764, 218968, 271883]
1256:[26324, 14887, 213056, 34904]
1258:[216537, 136995, 1132, 75756]
1259:[219271, 35879, 74020, 75745]
1260:[75708, 75687, 75761, 14928]
1261:[219248, 267500, 14946, 216158]
1262:[924, 14948, 74017, 216897]
1263:[219243, 1252, 218722, 809]
1264:[34302, 34879, 271615, 34035]
1265:[219207, 218722, 611, 645]
1266:[213203, 26287, 812, 1081]
1267:[137038, 75629, 217556, 215689]
1766:[128545, 219237, 218921, 83601]
1767:[1770, 127590, 14885, 219236]
1770:[1767, 127590, 14885, 219236]
1777:[1778, 219227, 137021, 37147]
1778:[1777, 219227, 137021, 37147]
1779:[246615, 218959, 34561, 273242]
1780:[75623, 218928, 34695, 34676]
1781:[14916, 14947, 218894, 216937]
3649:[271617, 606, 271616, 797]
14885:[1767, 1770, 218760, 127590]
14887:[34904, 1256, 26324, 34929]
14888:[1777, 1778, 219227, 37147]
14889:[213753, 246393, 246716, 127417]
14890:[218987, 137032, 218977, 136977]
14891:[216890, 1077, 799, 35888]
14892:[35885, 219310, 219235, 34199]
14893:[222713, 213751, 246337, 136979]
14902:[218447, 1075, 271841, 137025]
14903:[246653, 74018, 34899, 1074]
14904:[34477, 34457, 834, 819]
14905:[135187, 137248, 127340, 14915]
14906:[219038, 36316, 219047, 114817]
14907:[216879, 213273, 127345, 217101]
14908:[246654, 271793, 225468, 34934]
14909:[115135, 1231, 218719, 137530]
14912:[216885, 215688, 843, 137395]
14914:[246336, 1066, 855, 825]
14915:[14933, 14905, 14918, 14917]
14916:[218894, 1781, 216937, 215692]
14917:[14918, 14933, 137248, 14915]
14918:[14917, 14933, 137248, 14915]
14919:[14920, 14924, 218767, 219274]
14920:[14919, 14924, 218767, 219274]
14921:[219309, 137563, 213172, 837]
14922:[137529, 219046, 75662, 212321]
14923:[218978, 1780, 216891, 1235]
14924:[218767, 14920, 14919, 219274]
14925:[246647, 219043, 838, 216889]
14926:[74003, 215689, 215905, 1267]
14927:[663, 1234, 1034, 127373]
14928:[75761, 219057, 75708, 74016]
14929:[836, 218678, 246643, 215693]
14930:[215687, 827, 271844, 75586]
14931:[928, 926, 927, 136996]
14932:[219205, 271096, 35357, 137608]
14933:[14915, 14918, 14917, 14905]
14934:[271096, 219050, 137837, 137031]
14935:[217436, 75728, 728, 137608]
14936:[271070, 219209, 647, 219223]
14945:[218717, 246646, 727, 34900]
14946:[1261, 267500, 219248, 75742]
14947:[1781, 216937, 14916, 1228]
14948:[924, 1262, 74017, 75540]
14962:[218791, 75745, 14963, 218384]
14963:[218384, 218791, 14962, 14966]
14964:[213146, 75683, 75583, 811]
14965:[75722, 75727, 215686, 216158]
14966:[75541, 218384, 14963, 218791]
14967:[75657, 218728, 219204, 352630]
15464:[216893, 821, 248138, 246426]
18838:[213055, 127426, 36291, 806]
18839:[75722, 75727, 137848, 14965]
18840:[137395, 218917, 271843, 216880]
18841:[135200, 137019, 221924, 221923]
26116:[75569, 216888, 222630, 137025]
26274:[34483, 34463, 75580, 36326]
26275:[34930, 1062, 34511, 34491]
26276:[135214, 135215, 218631, 820]
26277:[820, 34618, 1045, 135215]
26287:[1081, 1266, 213203, 219058]
26305:[34883, 856, 137029, 218759]
26324:[1256, 14887, 213056, 34904]
31782:[127344, 271627, 271619, 83602]
34033:[75760, 75550, 218446, 216148]
34034:[36320, 75617, 36292, 34648]
34035:[34879, 1264, 34302, 849]
34036:[34522, 34902, 216653, 34546]
34043:[34592, 34705, 34686, 34659]
34044:[246730, 246655, 219238, 215690]
34045:[34313, 75565, 648, 218445]
34046:[1027, 35887, 34302, 75617]
34141:[34472, 36327, 34704, 246617]
34199:[35005, 34301, 34885, 212321]
34200:[34849, 36321, 34904, 605]
34201:[75541, 75575, 964, 14966]
34301:[212321, 219310, 34199, 75662]
34302:[1264, 34879, 34035, 849]
34303:[137379, 219212, 616, 812]
34304:[34970, 34480, 844, 75761]
34311:[216889, 34550, 34531, 838]
34312:[861, 127422, 219206, 34898]
34313:[34045, 218445, 648, 75565]
34314:[854, 75631, 839, 218754]
34377:[34434, 34470, 246617, 34935]
34391:[1265, 219207, 135186, 75565]
34405:[219042, 219049, 845, 1045]
34432:[34580, 34517, 34497, 34701]
34433:[34928, 35877, 34662, 34616]
34434:[34377, 34470, 246617, 219222]
34435:[34582, 34657, 218977, 137027]
34437:[36315, 34447, 34467, 34654]
34438:[34674, 34693, 34468, 36304]
34439:[35357, 137608, 36286, 34902]
34440:[34897, 34885, 35005, 34199]
34441:[34640, 34659, 34637, 34656]
34442:[216680, 271070, 75746, 75648]
34443:[213296, 34897, 34440, 34885]
34447:[34467, 34437, 36315, 36309]
34449:[34469, 34597, 34617, 218724]
34451:[34471, 219058, 1081, 1266]
34453:[34473, 218920, 840, 36324]
34457:[34477, 14904, 834, 216886]
34459:[34479, 1086, 34696, 36325]
34461:[34481, 611, 1265, 645]
34463:[34483, 26274, 36326, 75580]
34466:[137385, 137383, 137384, 34618]
34467:[34447, 34437, 36315, 36309]
34468:[34548, 34529, 34438, 36300]
34469:[34449, 34597, 34617, 218724]
34470:[219222, 218924, 34434, 75629]
34471:[34451, 219058, 1081, 1266]
34472:[34704, 34141, 35002, 246617]
34473:[34453, 218920, 840, 36324]
34476:[36284, 34615, 34595, 34963]
34477:[34457, 14904, 834, 216886]
34478:[34551, 34804, 34451, 34471]
34479:[34459, 1086, 34696, 36325]
34480:[34304, 218786, 34970, 1082]
34481:[34461, 611, 1265, 645]
34482:[114817, 36316, 218884, 219047]
34483:[34463, 26274, 36326, 75580]
34487:[34507, 34653, 36287, 36294]
34489:[34509, 34656, 34637, 36327]
34491:[34511, 34965, 137028, 219229]
34493:[34513, 36304, 34640, 34659]
34497:[34517, 34682, 34701, 34580]
34499:[34519, 36310, 34628, 34608]
34501:[34521, 75683, 811, 14964]
34503:[34523, 36306, 618, 34969]
34506:[36312, 34555, 34789, 34533]
34507:[34487, 34653, 36287, 36294]
34508:[36285, 34585, 34664, 34518]
34509:[34489, 34656, 34637, 36327]
34510:[34611, 34631, 34549, 35880]
34511:[34491, 34965, 137028, 219229]
34512:[34850, 34650, 34669, 34845]
34513:[34493, 36304, 34640, 34659]
34516:[34707, 34688, 34625, 34927]
34517:[34497, 34682, 34701, 34580]
34518:[34664, 36295, 36285, 34508]
34519:[34499, 36310, 34628, 34608]
34520:[34541, 34560, 617, 75742]
34521:[34501, 75683, 811, 14964]
34522:[34036, 34902, 216653, 34546]
34523:[34503, 36306, 618, 34969]
34527:[34546, 34691, 34522, 34036]
34529:[34548, 34468, 36300, 34438]
34531:[34550, 34311, 216889, 838]
34533:[34552, 35877, 36312, 34433]
34537:[34556, 36319, 36289, 34663]
34539:[34558, 34684, 34703, 36294]
34541:[34560, 34520, 867, 75742]
34543:[34562, 34933, 34847, 34663]
34545:[36297, 36299, 34700, 219244]
34546:[34527, 34691, 34522, 34036]
34547:[75743, 35883, 219270, 809]
34548:[34529, 34468, 36300, 34438]
34549:[34510, 34631, 34611, 35880]
34550:[34531, 34311, 216889, 838]
34551:[219058, 34471, 34451, 75542]
34552:[34533, 35877, 36312, 34433]
34555:[34506, 34789, 36312, 34533]
34556:[34537, 36319, 36289, 34663]
34557:[34998, 218721, 1230, 218788]
34558:[34539, 34684, 34703, 36294]
34559:[34586, 218378, 219044, 852]
34560:[34541, 34520, 867, 75742]
34561:[246615, 1779, 273242, 218959]
34562:[34543, 34933, 34847, 34663]
34579:[34803, 34200, 34884, 605]
34580:[34497, 34517, 34432, 34682]
34581:[34658, 36307, 34560, 34541]
34582:[34435, 34657, 218977, 36317]
34584:[34440, 34678, 34697, 34443]
34585:[34508, 36285, 36300, 36295]
34586:[34559, 218378, 852, 74019]
34587:[609, 246616, 75582, 34882]
34589:[34965, 34491, 34511, 216937]
34590:[36305, 34848, 34664, 34518]
34591:[216653, 218766, 218959, 728]
34592:[34043, 34705, 34686, 34470]
34595:[34615, 34476, 36284, 34963]
34597:[34617, 34469, 34449, 218724]
34599:[34619, 860, 218727, 844]
34601:[34621, 608, 614, 859]
34606:[34626, 246691, 219249, 246692]
34608:[34628, 34785, 34665, 34646]
34611:[34631, 34510, 34549, 35880]
34614:[75582, 34962, 34587, 34882]
34615:[34595, 34476, 36284, 34963]
34616:[34662, 34433, 35877, 34928]
34617:[34597, 34469, 34449, 218724]
34618:[1045, 219049, 219042, 845]
34619:[34599, 860, 218727, 844]
34620:[810, 34666, 1083, 927]
34621:[34601, 608, 614, 859]
34625:[34927, 34516, 34707, 34688]
34626:[34606, 246691, 219249, 246692]
34627:[34804, 34843, 218786, 34480]
34628:[34608, 34785, 34665, 34646]
34629:[1064, 219050, 137031, 34786]
34630:[219245, 34483, 34405, 34463]
34631:[34611, 34510, 34549, 35880]
34635:[34654, 36315, 34437, 222606]
34637:[34656, 34489, 34509, 34935]
34640:[34659, 34513, 34493, 34043]
34644:[34663, 34847, 34543, 34562]
34646:[34665, 34785, 34608, 34628]
34648:[34667, 34046, 218729, 75617]
34650:[34669, 36311, 219056, 35882]
34653:[34487, 34507, 842, 34927]
34654:[34635, 36315, 34437, 222606]
34655:[34790, 36305, 34590, 34706]
34656:[34637, 34489, 34509, 34935]
34657:[637, 218977, 34905, 218987]
34658:[36307, 34581, 34674, 34693]
34659:[34640, 34513, 34493, 34043]
34662:[34616, 34433, 34928, 35877]
34663:[34644, 34847, 34543, 34562]
34664:[34518, 36295, 36285, 34508]
34665:[34646, 34785, 34608, 34628]
34666:[34620, 810, 817, 927]
34667:[34648, 34046, 218729, 75617]
34668:[218729, 34667, 34648, 75689]
34669:[34650, 36311, 219056, 35882]
34674:[34693, 34438, 36304, 34658]
34676:[34695, 75623, 1780, 615]
34678:[34697, 34584, 34443, 213296]
34682:[34701, 34517, 34497, 34580]
34684:[34703, 36294, 34558, 34539]
34686:[34705, 34694, 851, 34592]
34688:[34707, 34516, 34927, 34625]
34691:[34848, 34546, 34527, 34522]
34693:[34674, 34438, 36304, 34658]
34694:[851, 607, 75632, 34686]
34695:[34676, 75623, 1780, 615]
34696:[36325, 46981, 75576, 75577]
34697:[34678, 34584, 34443, 213296]
34700:[34545, 36297, 36317, 35004]
34701:[34682, 34517, 34497, 34580]
34702:[218784, 36296, 267625, 218727]
34703:[34684, 36294, 34558, 34539]
34704:[35002, 34472, 217556, 246617]
34705:[34686, 34694, 851, 34592]
34706:[36286, 34439, 35357, 137608]
34707:[34688, 34516, 34927, 34625]
34784:[35878, 246690, 805, 219041]
34785:[34608, 34628, 34665, 34646]
34786:[36286, 34629, 14934, 219050]
34789:[34555, 34506, 36312, 213112]
34790:[34655, 34706, 36305, 34590]
34791:[218955, 246653, 216551, 34899]
34803:[34847, 34644, 34663, 34543]
34804:[34627, 34843, 34478, 34551]
34805:[246625, 216897, 75540, 213055]
34808:[36317, 36314, 34580, 34582]
34809:[34586, 34559, 36301, 34790]
34842:[34601, 34621, 614, 271843]
34843:[861, 267502, 34898, 34312]
34844:[246639, 920, 919, 921]
34845:[34850, 34512, 36300, 34669]
34847:[34644, 34663, 34543, 34562]
34848:[34691, 34546, 34527, 34561]
34849:[36321, 34200, 127593, 34904]
34850:[34512, 34845, 34650, 34669]
34877:[34805, 618, 18838, 127426]
34878:[46979, 137039, 218726, 75573]
34879:[34035, 34302, 1264, 849]
34880:[216661, 219045, 922, 919]
34882:[75582, 218716, 814, 34964]
34883:[26305, 218759, 137029, 856]
34884:[14906, 219038, 36321, 34849]
34885:[34897, 34199, 35005, 212321]
34897:[34885, 34440, 34199, 75662]
34898:[267502, 213297, 136985, 136986]
34899:[246653, 218754, 34314, 14903]
34900:[727, 216881, 219210, 213157]
34902:[137608, 34522, 216653, 34036]
34903:[1251, 128654, 352630, 135203]
34904:[14887, 605, 34929, 34200]
34905:[637, 137609, 218987, 14890]
34927:[34625, 842, 34707, 34688]
34928:[34433, 35877, 34662, 34616]
34929:[605, 34904, 14887, 1256]
34930:[26275, 34044, 246730, 1062]
34932:[35004, 822, 271823, 75602]
34933:[34562, 34543, 34847, 34663]
34934:[34967, 225468, 216883, 246654]
34935:[34377, 34434, 34141, 246617]
34962:[34614, 34611, 34631, 34510]
34963:[34703, 34684, 36294, 34558]
34964:[218716, 814, 35880, 34882]
34965:[34491, 34511, 34589, 137028]
34967:[34934, 225468, 216883, 75753]
34968:[246704, 1066, 825, 246336]
34969:[36306, 127426, 618, 36291]
34970:[34304, 844, 75761, 34480]
34997:[135210, 802, 839, 246613]
34998:[1230, 137381, 75744, 218721]
34999:[218383, 853, 808, 36326]
35000:[219047, 219038, 36316, 14906]
35002:[219235, 34704, 217556, 34472]
35003:[219203, 1035, 817, 218759]
35004:[34932, 271823, 822, 75602]
35005:[34199, 34885, 34301, 219310]
35357:[34439, 137608, 36286, 219205]
35877:[34433, 34552, 34533, 34928]
35878:[219041, 219048, 246690, 34784]
35879:[219271, 75745, 1259, 14962]
35880:[34964, 218716, 814, 34549]
35882:[219056, 215686, 34650, 34669]
35883:[809, 1231, 218719, 1252]
35884:[1234, 1034, 846, 14927]
35885:[14892, 219235, 35002, 34704]
35887:[857, 46978, 218729, 34046]
35888:[799, 225469, 246261, 1077]
35889:[135196, 649, 14967, 137020]
35890:[216886, 830, 83600, 271636]
36284:[34476, 34615, 34595, 36315]
36285:[34508, 34585, 34664, 34518]
36286:[35357, 34439, 34706, 34786]
36287:[34507, 34487, 34791, 218955]
36289:[34663, 34644, 34847, 34933]
36290:[135186, 34481, 34461, 645]
36291:[18838, 127426, 806, 213055]
36292:[34034, 36320, 34521, 34501]
36294:[34703, 34684, 34558, 34539]
36295:[34518, 34664, 34508, 36285]
36296:[218784, 34702, 267625, 218727]
36297:[34545, 36299, 219244, 121068]
36299:[36297, 34545, 34466, 36309]
36300:[34468, 34585, 34529, 34548]
36301:[75689, 218718, 815, 137036]
36304:[34693, 34674, 34438, 34493]
36305:[34590, 34655, 34518, 34664]
36306:[34969, 34503, 34523, 618]
36307:[34658, 34581, 613, 803]
36309:[34467, 34447, 137385, 137383]
36310:[34519, 34499, 34628, 34608]
36311:[34669, 34650, 35882, 219056]
36312:[34506, 34533, 34552, 34555]
36314:[34808, 36317, 34580, 34497]
36315:[34437, 34447, 34467, 34654]
36316:[219047, 114817, 14906, 35000]
36317:[34808, 36314, 34582, 34435]
36319:[34556, 34537, 610, 615]
36320:[75617, 34034, 34879, 34035]
36321:[34849, 34200, 127593, 34904]
36322:[34850, 34561, 34512, 34848]
36324:[218920, 34453, 34473, 216891]
36325:[34696, 46981, 75576, 75577]
36326:[75580, 26274, 218383, 808]
36327:[34141, 34472, 34935, 34704]
37108:[271618, 216887, 1777, 1778]
37147:[137021, 219227, 1046, 1051]
37152:[26276, 135214, 135215, 845]
37165:[37168, 218445, 75565, 34313]
37166:[75575, 34201, 964, 35880]
37168:[37165, 218445, 75565, 34313]
37170:[137249, 137034, 218793, 75638]
37173:[213148, 14946, 75742, 867]
37187:[127417, 271729, 246393, 14889]
37188:[75562, 219230, 75589, 75584]
46978:[857, 35887, 1232, 34046]
46979:[34878, 218726, 75573, 137039]
46981:[213208, 75686, 137379, 75576]
46983:[267511, 219213, 135194, 653]
46984:[665, 1242, 219272, 218732]
74003:[215689, 14926, 215905, 75629]
74016:[219057, 267501, 14928, 75761]
74017:[924, 75540, 1262, 14948]
74018:[1074, 75658, 14903, 218754]
74019:[852, 218378, 1079, 34586]
74020:[219271, 75745, 14962, 35879]
75539:[837, 137563, 213172, 615]
75540:[246625, 74017, 216897, 924]
75541:[14966, 34201, 218384, 14963]
75542:[218767, 136985, 136986, 14924]
75550:[75760, 34033, 824, 218446]
75552:[75561, 75563, 75616, 352594]
75559:[216869, 213106, 216882, 218677]
75561:[75563, 75552, 75616, 352594]
75562:[37188, 219230, 75589, 75584]
75563:[75561, 75552, 75616, 352594]
75564:[246645, 222630, 216895, 75569]
75565:[218445, 37165, 37168, 34313]
75566:[218730, 664, 219214, 219231]
75567:[222398, 216882, 218677, 216869]
75568:[246394, 213295, 800, 828]
75569:[222630, 26116, 216895, 216888]
75570:[1083, 136996, 1029, 14931]
75571:[271636, 83600, 819, 216886]
75573:[218726, 46979, 34878, 137039]
75575:[37166, 964, 34201, 75541]
75576:[75577, 75686, 807, 46981]
75577:[75576, 75686, 807, 46981]
75580:[26274, 36326, 808, 127340]
75582:[34882, 75541, 814, 218716]
75583:[811, 14964, 213146, 75683]
75584:[75589, 225467, 219230, 37188]
75585:[83603, 83597, 213752, 216892]
75586:[827, 271844, 218389, 137022]
75588:[137561, 222634, 213200, 137847]
75589:[75584, 225467, 219230, 37188]
75590:[271621, 863, 213272, 213271]
75595:[75596, 75598, 75599, 75633]
75596:[75595, 75598, 75599, 75633]
75598:[75595, 75596, 75599, 75633]
75599:[75595, 75596, 75598, 75633]
75601:[75604, 14905, 127340, 135187]
75602:[1246, 271823, 34932, 822]
75604:[75601, 127340, 14905, 135187]
75605:[75606, 835, 354663, 215687]
75606:[75605, 835, 354663, 215687]
75609:[75610, 127372, 127375, 862]
75610:[75609, 127372, 127375, 862]
75611:[75612, 75613, 75614, 354534]
75612:[75611, 75613, 75614, 354534]
75613:[75611, 75612, 75614, 354534]
75614:[75611, 75612, 75613, 354534]
75616:[75563, 75561, 75552, 218787]
75617:[36320, 34046, 1027, 34879]
75619:[590, 642, 643, 644]
75623:[1780, 218928, 34695, 34676]
75628:[137394, 806, 920, 919]
75629:[215689, 217556, 219222, 1267]
75631:[854, 218754, 34314, 75658]
75632:[851, 607, 34694, 803]
75633:[75595, 75596, 75598, 75599]
75635:[75595, 75596, 75598, 75599]
75636:[75595, 75596, 75598, 75599]
75637:[75595, 75596, 75598, 75599]
75638:[215691, 613, 137034, 218793]
75639:[75595, 75596, 75598, 75599]
75640:[75595, 75596, 75598, 75599]
75641:[75595, 75596, 75598, 75599]
75642:[75595, 75596, 75598, 75599]
75643:[75595, 75596, 75598, 75599]
75644:[75595, 75596, 75598, 75599]
75645:[75595, 75596, 75598, 75599]
75646:[75595, 75596, 75598, 75599]
75647:[75595, 75596, 75598, 75599]
75648:[75746, 271070, 267507, 14936]
75649:[75650, 75651, 75652, 75595]
75650:[75649, 75651, 75652, 75595]
75651:[75649, 75650, 75652, 75595]
75652:[75649, 75650, 75651, 75595]
75653:[75654, 75655, 75649, 75650]
75654:[75653, 75655, 75649, 75650]
75655:[75653, 75654, 75649, 75650]
75657:[218728, 14967, 219204, 352630]
75658:[1074, 218754, 75631, 74018]
75661:[354534, 75611, 75612, 75613]
75662:[212321, 34301, 219046, 34885]
75665:[75666, 1235, 137861, 271792]
75666:[75665, 1235, 137861, 271792]
75683:[34521, 34501, 14964, 811]
75684:[75685, 271610, 271612, 75749]
75685:[75684, 271610, 271612, 75749]
75686:[46981, 75576, 75577, 75763]
75687:[1260, 75708, 844, 75761]
75689:[815, 218718, 137036, 36301]
75690:[273243, 267625, 267503, 218727]
75691:[215690, 75752, 246655, 219238]
75692:[75693, 75694, 75695, 75696]
75693:[75692, 75694, 75695, 75696]
75694:[75692, 75693, 75695, 75696]
75695:[75692, 75693, 75694, 75696]
75696:[75692, 75693, 75694, 75695]
75708:[1260, 14928, 75761, 75687]
75716:[267506, 860, 218727, 75687]
75722:[75727, 14965, 18839, 216158]
75727:[75722, 14965, 18839, 137848]
75728:[217436, 728, 14935, 216653]
75742:[135217, 267500, 867, 34541]
75743:[34547, 34442, 216680, 35883]
75744:[137381, 1230, 34998, 267497]
75745:[219271, 14962, 35879, 74020]
75746:[75648, 271070, 267507, 14936]
75747:[1082, 212320, 219206, 219233]
75748:[271728, 271947, 720, 271887]
75749:[75684, 75685, 271887, 720]
75750:[221932, 271954, 219220, 218787]
75751:[137849, 216894, 271845, 830]
75752:[219238, 215690, 246655, 75691]
75753:[216883, 1243, 225468, 137033]
75754:[136984, 797, 271617, 3649]
75756:[216537, 1258, 1132, 802]
75760:[34033, 75550, 218446, 216148]
75761:[14928, 219057, 1260, 75708]
75762:[218732, 219218, 137020, 135191]
75763:[213208, 137379, 75686, 34303]
75764:[218968, 127424, 1214, 1255]
75765:[352530, 273287, 75566, 218730]
83596:[218750, 225469, 246261, 35888]
83597:[75585, 216892, 83603, 355023]
83600:[271636, 75571, 216886, 35890]
83601:[219237, 1766, 128545, 855]
83602:[271627, 1229, 271619, 31782]
83603:[216892, 75585, 213752, 216898]
114817:[36316, 219047, 14906, 219038]
115095:[137035, 1078, 1142, 218631]
115135:[218719, 14909, 1231, 137530]
121068:[219244, 1142, 137030, 822]
127340:[135187, 808, 137248, 14905]
127341:[246644, 218676, 246375, 217435]
127342:[271722, 791, 1048, 246703]
127343:[216663, 271618, 1076, 216887]
127344:[31782, 271627, 271619, 213753]
127345:[137562, 213668, 213273, 14907]
127346:[215693, 246643, 1140, 218678]
127354:[216898, 213752, 136979, 83603]
127372:[75609, 75610, 862, 127375]
127373:[137124, 14927, 135199, 663]
127374:[273288, 246312, 1030, 807]
127375:[127372, 75609, 75610, 862]
127417:[37187, 14889, 246393, 213753]
127422:[271641, 34312, 219206, 861]
127424:[219044, 75764, 218968, 137036]
127426:[18838, 34969, 36291, 618]
127590:[1767, 1770, 219236, 14885]
127593:[219038, 36321, 34849, 14906]
128199:[135132, 135133, 213077, 248620]
128545:[1766, 219237, 219041, 219048]
128653:[135200, 137019, 18841, 271886]
128654:[34903, 135203, 1251, 219059]
128731:[137392, 137023, 639, 640]
135132:[135133, 213077, 128199, 248620]
135133:[135132, 213077, 128199, 248620]
135186:[34391, 75565, 34045, 34313]
135187:[127340, 137248, 14905, 808]
135188:[552, 553, 554, 555]
135189:[271611, 271613, 578, 579]
135190:[716, 271097, 717, 271937]
135191:[137020, 135196, 219218, 649]
135193:[271958, 271612, 271610, 75684]
135194:[46983, 267511, 219213, 352530]
135195:[219208, 246313, 651, 135201]
135196:[649, 137020, 135191, 219218]
135197:[1128, 1130, 213757, 217517]
135198:[661, 271886, 271935, 271943]
135199:[137124, 127373, 135216, 654]
135200:[137019, 18841, 128653, 221924]
135201:[246313, 218731, 651, 219208]
135202:[218723, 135203, 219059, 352595]
135203:[135202, 128654, 219059, 352595]
135210:[34997, 802, 246613, 1132]
135214:[135215, 26276, 218631, 820]
135215:[135214, 26276, 218631, 820]
135216:[219273, 654, 647, 219223]
135217:[75742, 267500, 617, 867]
135218:[218958, 136978, 271725, 1143]
136977:[246689, 218760, 137032, 218987]
136978:[218958, 271725, 1143, 1026]
136979:[222713, 127354, 216898, 213752]
136984:[75754, 797, 271617, 3649]
136985:[136986, 219274, 218767, 14924]
136986:[136985, 219274, 218767, 14924]
136995:[1132, 1258, 216537, 802]
136996:[14931, 928, 926, 927]
137019:[135200, 128653, 18841, 221924]
137020:[135196, 219218, 135191, 649]
137021:[219227, 37147, 1777, 1778]
137022:[218389, 216884, 75586, 271844]
137023:[640, 639, 137392, 1211]
137024:[356374, 225448, 218921, 128545]
137025:[14902, 1075, 218447, 216888]
137026:[225448, 137836, 219249, 356374]
137027:[1063, 219236, 34531, 34550]
137028:[219229, 137377, 1062, 34511]
137029:[218759, 856, 219203, 213112]
137030:[219244, 1078, 121068, 1142]
137031:[219050, 137837, 1064, 14934]
137032:[218987, 14890, 136977, 218977]
137033:[219309, 213172, 610, 75753]
137034:[218793, 137249, 246395, 215691]
137035:[1142, 115095, 1078, 137030]
137036:[218718, 218968, 815, 127424]
137037:[218766, 218959, 246614, 34591]
137038:[1267, 219235, 217556, 75629]
137039:[34878, 218726, 46979, 75573]
137124:[127373, 135199, 14927, 663]
137248:[135187, 14905, 127340, 808]
137249:[137034, 218793, 246395, 215691]
137250:[590, 642, 643, 644]
137377:[219229, 1062, 137028, 215692]
137379:[34303, 213208, 219212, 616]
137380:[75752, 219238, 219217, 75691]
137381:[75744, 34998, 1230, 217519]
137383:[137384, 137385, 34466, 34630]
137384:[137383, 137385, 34466, 34630]
137385:[137383, 137384, 34466, 34630]
137392:[128731, 137023, 639, 640]
137394:[75628, 806, 213055, 36291]
137395:[18840, 218917, 216885, 14912]
137396:[216489, 246374, 215984, 213077]
137398:[222813, 246373, 215985, 216491]
137407:[213041, 137413, 213074, 248620]
137413:[213074, 213041, 248620, 128199]
137529:[219046, 14922, 75662, 213296]
137530:[14909, 115135, 1231, 218719]
137561:[75588, 213200, 137847, 1047]
137562:[213668, 127345, 1229, 83602]
137563:[837, 75539, 14921, 213172]
137565:[14903, 74018, 219045, 246653]
137608:[35357, 34439, 34902, 219205]
137609:[34905, 218987, 14890, 637]
137836:[356374, 137026, 218921, 225448]
137837:[219050, 137031, 1064, 1079]
137847:[213200, 1047, 1053, 137561]
137848:[18839, 75727, 75722, 14965]
137849:[75751, 216894, 271845, 829]
137861:[271792, 75665, 75666, 1235]
212320:[219233, 267501, 1082, 74016]
212321:[34301, 75662, 34885, 34199]
213041:[137413, 213074, 248620, 128199]
213055:[18838, 246625, 36291, 806]
213056:[26324, 1256, 34929, 14908]
213073:[215983, 866, 865, 246761]
213074:[248620, 137413, 213041, 128199]
213076:[137407, 213041, 137413, 213074]
213077:[135132, 135133, 128199, 137396]
213106:[75559, 216869, 216882, 222398]
213112:[856, 137029, 26305, 218759]
213146:[14964, 219215, 75583, 75683]
213148:[37173, 867, 75742, 14946]
213157:[1072, 216881, 614, 219210]
213172:[219309, 837, 610, 137033]
213200:[1047, 1053, 137847, 137561]
213203:[1266, 26287, 812, 1081]
213206:[34686, 34705, 75632, 851]
213208:[137379, 34303, 46981, 75763]
213271:[213272, 863, 217392, 271621]
213272:[213271, 863, 217392, 271621]
213273:[216879, 14907, 127345, 137562]
213295:[246394, 75568, 800, 246703]
213296:[34443, 137529, 219046, 34897]
213297:[34898, 271641, 267502, 136985]
213668:[137562, 127345, 1229, 83602]
213751:[218916, 218918, 14893, 246610]
213752:[216898, 127354, 83603, 75585]
213753:[14889, 246393, 246716, 127344]
213757:[1128, 1130, 135197, 217517]
215685:[862, 218724, 127372, 35884]
215686:[219056, 35882, 14965, 216158]
215687:[14930, 835, 75605, 75606]
215688:[14912, 216885, 843, 75665]
215689:[74003, 75629, 14926, 219222]
215690:[246655, 75752, 75691, 219238]
215691:[613, 75638, 137034, 218793]
215692:[218894, 14916, 219229, 137028]
215693:[127346, 246643, 1140, 218678]
215794:[246426, 248138, 821, 216893]
215905:[74003, 218924, 215689, 14926]
215983:[213073, 865, 866, 218390]
215984:[246374, 246761, 866, 216489]
215985:[216491, 246373, 218390, 865]
216148:[218446, 75595, 75596, 75598]
216158:[14965, 215686, 75722, 75727]
216489:[137396, 246374, 215984, 246761]
216491:[218390, 865, 215985, 246373]
216492:[1047, 1053, 137847, 213200]
216533:[222400, 828, 1250, 75568]
216537:[1258, 1132, 136995, 75756]
216551:[218955, 219045, 34791, 246639]
216653:[728, 217436, 34902, 34591]
216661:[34880, 219045, 922, 919]
216663:[127343, 271618, 216887, 1076]
216680:[75746, 75648, 34442, 267507]
216869:[75559, 213106, 216882, 218677]
216879:[14907, 213273, 217101, 127345]
216880:[271843, 218917, 1072, 218922]
216881:[34900, 727, 213157, 219210]
216882:[222398, 216869, 75559, 213106]
216883:[225468, 75753, 246654, 1243]
216884:[137022, 833, 218389, 75586]
216885:[14912, 843, 215688, 137395]
216886:[35890, 83600, 830, 271636]
216887:[271618, 37108, 14888, 1777]
216888:[246739, 1075, 26116, 14902]
216889:[838, 34311, 34550, 34531]
216890:[14891, 1077, 799, 35888]
216891:[271792, 137861, 218978, 1235]
216892:[83603, 83597, 75585, 355023]
216893:[15464, 821, 248138, 246426]
216894:[137849, 75751, 829, 278925]
216895:[219106, 246645, 222630, 75569]
216896:[222399, 271640, 75567, 836]
216897:[75540, 1262, 924, 246625]
216898:[213752, 127354, 83603, 136979]
216937:[14947, 1781, 14916, 218894]
217101:[246643, 127346, 215693, 1140]
217392:[213271, 213272, 863, 271621]
217435:[246375, 218676, 127341, 248621]
217436:[75728, 728, 216653, 14935]
217517:[1128, 1130, 135197, 213757]
217518:[217519, 818, 218726, 137381]
217519:[818, 217518, 75573, 218726]
217520:[135195, 219208, 651, 246313]
217521:[1128, 1130, 135197, 213757]
217522:[1128, 1130, 135197, 213757]
217523:[1128, 1130, 135197, 213757]
217524:[1128, 1130, 135197, 213757]
217525:[271614, 34878, 46979, 137039]
217556:[35002, 75629, 246617, 1267]
217566:[1128, 1130, 135197, 213757]
217567:[1128, 1130, 135197, 213757]
218378:[219044, 127424, 34559, 74019]
218383:[34999, 808, 36326, 853]
218384:[14963, 218791, 14962, 14966]
218389:[137022, 271844, 75586, 216884]
218390:[216491, 865, 215985, 246373]
218445:[37168, 37165, 75565, 34313]
218446:[216148, 75595, 75596, 75598]
218447:[14902, 1075, 271841, 246739]
218631:[135214, 135215, 26276, 1078]
218674:[1128, 1130, 135197, 213757]
218676:[246375, 217435, 127341, 246644]
218677:[75559, 216869, 216882, 222398]
218678:[836, 14929, 1140, 215693]
218716:[814, 34964, 35880, 34882]
218717:[14945, 34900, 727, 246646]
218718:[137036, 219044, 815, 75689]
218719:[115135, 14909, 1231, 35883]
218720:[1087, 75609, 75610, 127372]
218721:[218788, 1230, 267497, 34998]
218722:[219207, 1265, 611, 1263]
218723:[652, 219059, 135202, 352595]
218724:[215685, 862, 127372, 846]
218725:[841, 246312, 218957, 1030]
218726:[75573, 34878, 46979, 137039]
218727:[273243, 860, 218784, 75716]
218728:[75657, 219204, 14967, 1128]
218729:[35887, 34046, 1027, 34667]
218730:[664, 75566, 219214, 219231]
218731:[135201, 246313, 651, 219208]
218732:[75762, 219218, 665, 46984]
218750:[271841, 218447, 83596, 14902]
218754:[75658, 75631, 1074, 34899]
218759:[137029, 219203, 34883, 35003]
218760:[246689, 136977, 137032, 14885]
218766:[246614, 137037, 218959, 34591]
218767:[14924, 14920, 14919, 219274]
218769:[246647, 14925, 75661, 75611]
218784:[34702, 36296, 218727, 273243]
218786:[34480, 1082, 75747, 34304]
218787:[75616, 75563, 75561, 75552]
218788:[218721, 1230, 267497, 34998]
218789:[219219, 848, 219215, 849]
218791:[14962, 218384, 14963, 75745]
218793:[137034, 246395, 137249, 613]
218884:[880, 838, 246647, 218769]
218894:[14916, 215692, 1781, 216937]
218916:[218918, 213751, 137026, 14893]
218917:[18840, 216880, 271843, 137395]
218918:[218916, 213751, 246691, 137026]
218919:[137392, 246611, 128731, 639]
218920:[34453, 34473, 840, 36324]
218921:[356374, 137024, 1766, 128545]
218922:[219210, 1072, 216880, 34900]
218924:[219222, 34470, 215689, 74003]
218928:[75623, 1780, 75539, 837]
218955:[216551, 219045, 34791, 246639]
218957:[648, 841, 34313, 34045]
218958:[136978, 271725, 1143, 1026]
218959:[246614, 218766, 137037, 273242]
218968:[271883, 75764, 271884, 137036]
218977:[137032, 14890, 218987, 218760]
218978:[14923, 216891, 271792, 1235]
218987:[14890, 137032, 218977, 136977]
218988:[1128, 1130, 135197, 213757]
219038:[14906, 127593, 35000, 219047]
219041:[219048, 246690, 128545, 219237]
219042:[219049, 845, 1045, 34405]
219043:[14925, 246647, 216889, 838]
219044:[127424, 218718, 137036, 75764]
219045:[216551, 218955, 34880, 216661]
219046:[137529, 75662, 14922, 212321]
219047:[36316, 35000, 114817, 14906]
219048:[219041, 246690, 128545, 219237]
219049:[219042, 845, 1045, 34405]
219050:[137837, 137031, 1064, 14934]
219056:[215686, 35882, 34650, 34669]
219057:[74016, 75761, 14928, 267501]
219058:[1081, 34471, 34451, 26287]
219059:[218723, 352595, 135202, 135203]
219106:[216895, 246645, 137023, 128731]
219203:[35003, 817, 1035, 218759]
219204:[218728, 1128, 1130, 135197]
219205:[14932, 35357, 137608, 36286]
219206:[127422, 34312, 75747, 271641]
219207:[1265, 218722, 611, 645]
219208:[246313, 651, 135195, 135201]
219209:[219223, 271070, 647, 14936]
219210:[218922, 1072, 34900, 213157]
219211:[653, 219224, 718, 219213]
219212:[616, 812, 34303, 137379]
219213:[267511, 46983, 653, 219211]
219214:[218730, 664, 219231, 75566]
219215:[848, 219219, 218789, 271615]
219216:[664, 219231, 219214, 218730]
219217:[216890, 137380, 14891, 219238]
219218:[137020, 135191, 75762, 135196]
219219:[848, 218789, 219215, 849]
219220:[218787, 75616, 75563, 75561]
219221:[267498, 815, 271884, 271883]
219222:[218924, 34470, 75629, 215689]
219223:[647, 219209, 219273, 654]
219224:[219211, 653, 718, 219213]
219227:[137021, 1777, 1778, 37147]
219229:[137028, 137377, 1062, 215692]
219230:[225467, 75589, 75584, 37188]
219231:[664, 219216, 219214, 218730]
219233:[212320, 267501, 1082, 74016]
219234:[1128, 1130, 135197, 213757]
219235:[35002, 35885, 217556, 34704]
219236:[1063, 137027, 127590, 1767]
219237:[83601, 1766, 128545, 219041]
219238:[75752, 215690, 246655, 246730]
219243:[1252, 1263, 809, 35883]
219244:[137030, 121068, 1142, 1078]
219245:[75604, 34405, 34630, 75580]
219246:[271882, 278925, 246728, 829]
219247:[1128, 1130, 135197, 213757]
219248:[267500, 1261, 617, 216158]
219249:[246691, 246692, 137026, 225448]
219270:[645, 611, 34461, 1265]
219271:[75745, 74020, 35879, 14962]
219272:[1242, 46984, 665, 219216]
219273:[135216, 654, 219223, 647]
219274:[136985, 136986, 14924, 218767]
219275:[1128, 1130, 135197, 213757]
219309:[213172, 14921, 137033, 137563]
219310:[34301, 212321, 34199, 35005]
219311:[1128, 1130, 135197, 213757]
219312:[271884, 267498, 271883, 218968]
221923:[221924, 271727, 18841, 137019]
221924:[221923, 271727, 18841, 137019]
221932:[75750, 271954, 219220, 218787]
222294:[1076, 355584, 354317, 354521]
222398:[216882, 216869, 75559, 213106]
222399:[216896, 271640, 75567, 836]
222400:[216533, 828, 75568, 246394]
222606:[246613, 34463, 34483, 853]
222630:[75569, 246645, 26116, 216895]
222631:[246376, 137398, 222813, 246373]
222634:[271724, 75588, 137561, 217392]
222713:[246337, 14893, 136979, 246610]
222813:[137398, 246373, 215985, 218390]
225448:[137024, 356374, 137026, 218921]
225467:[75589, 219230, 75584, 246687]
225468:[216883, 246654, 34934, 34967]
225469:[246261, 35888, 799, 1077]
225897:[1128, 1130, 135197, 213757]
225899:[1128, 1130, 135197, 213757]
225900:[1128, 1130, 135197, 213757]
246261:[225469, 35888, 799, 1077]
246312:[218725, 127374, 1030, 273288]
246313:[219208, 651, 135201, 135195]
246316:[136977, 137609, 137032, 246689]
246336:[1066, 855, 825, 14914]
246337:[222713, 136979, 14893, 246610]
246339:[874, 864, 271842, 246340]
246340:[1046, 1051, 137021, 37147]
246373:[215985, 222813, 218390, 216491]
246374:[215984, 246761, 216489, 866]
246375:[218676, 217435, 127341, 248621]
246376:[222631, 137398, 222813, 246373]
246393:[246716, 14889, 213753, 127417]
246394:[75568, 213295, 800, 828]
246395:[218793, 137034, 613, 137249]
246426:[248138, 215794, 821, 868]
246610:[246337, 218918, 14893, 222713]
246611:[1211, 639, 640, 218919]
246612:[798, 135218, 1143, 218958]
246613:[853, 135210, 34999, 222606]
246614:[218959, 218766, 137037, 273242]
246615:[1779, 34561, 273242, 218959]
246616:[609, 14963, 14962, 35879]
246617:[217556, 34704, 35002, 34472]
246624:[26305, 34883, 213296, 137529]
246625:[75540, 34805, 216897, 213055]
246626:[791, 213106, 75559, 216869]
246639:[922, 919, 921, 923]
246643:[127346, 215693, 1140, 218678]
246644:[127341, 826, 864, 246339]
246645:[216895, 219106, 222630, 75564]
246646:[859, 14945, 218717, 608]
246647:[14925, 219043, 838, 216889]
246653:[34899, 14903, 218754, 34791]
246654:[271793, 14908, 225468, 216883]
246655:[215690, 246730, 75752, 219238]
246687:[248621, 225467, 75584, 75589]
246689:[136977, 218760, 137032, 14885]
246690:[219041, 219048, 805, 35878]
246691:[219249, 246692, 34626, 34606]
246692:[219249, 246691, 225448, 137026]
246703:[213295, 271722, 127342, 246394]
246704:[1066, 34968, 246336, 14914]
246716:[246393, 213753, 14889, 127344]
246717:[850, 246728, 278925, 219246]
246728:[278925, 829, 219246, 271882]
246729:[859, 608, 612, 246646]
246730:[246655, 215690, 34044, 219238]
246739:[216888, 1075, 218447, 14902]
246761:[215984, 246374, 866, 216489]
248138:[246426, 215794, 821, 868]
248620:[213074, 137413, 213041, 128199]
248621:[246687, 225467, 217435, 75584]
250931:[267496, 271950, 271952, 271960]
267495:[267556, 135188, 578, 579]
267496:[137250, 75619, 590, 642]
267497:[1230, 218788, 75744, 218721]
267498:[271884, 219312, 271883, 219221]
267500:[219248, 75742, 135217, 1261]
267501:[212320, 74016, 219233, 219057]
267502:[34898, 136986, 136985, 213297]
267503:[75583, 75690, 267625, 811]
267506:[75716, 860, 218727, 75687]
267507:[75648, 75746, 137530, 115135]
267511:[219213, 46983, 653, 219211]
267556:[267495, 578, 579, 580]
267625:[273243, 75690, 811, 75583]
271070:[219209, 14936, 75746, 75648]
271096:[14934, 14932, 219205, 219050]
271097:[717, 271938, 271942, 271937]
271610:[271612, 271958, 135193, 75685]
271611:[271613, 578, 579, 580]
271612:[271610, 271958, 135193, 75684]
271613:[267556, 578, 579, 580]
271614:[217525, 1087, 218720, 46979]
271615:[1264, 849, 219215, 848]
271616:[15464, 3649, 606, 821]
271617:[3649, 797, 606, 75754]
271618:[216887, 37108, 14888, 216663]
271619:[271627, 127344, 31782, 83602]
271621:[863, 213272, 213271, 217392]
271627:[271619, 127344, 31782, 83602]
271636:[75571, 83600, 216886, 819]
271640:[222399, 216896, 75567, 222398]
271641:[127422, 213297, 34312, 219206]
271722:[127342, 791, 1048, 246703]
271724:[222634, 217392, 75588, 213271]
271725:[136978, 218958, 1143, 1026]
271727:[221924, 221923, 18841, 137019]
271728:[75748, 271947, 720, 271887]
271729:[37187, 127417, 1139, 14889]
271730:[75552, 75561, 75563, 352594]
271792:[216891, 137861, 75665, 75666]
271793:[246654, 14908, 1243, 225468]
271823:[75602, 1246, 35004, 34932]
271841:[218447, 14902, 1075, 218750]
271842:[246339, 1046, 1051, 874]
271843:[216880, 218917, 18840, 1072]
271844:[218389, 75586, 827, 137022]
271845:[830, 75751, 83600, 35890]
271882:[219246, 278925, 246728, 829]
271883:[271884, 218968, 267498, 219312]
271884:[271883, 267498, 219312, 218968]
271886:[271935, 271943, 271949, 135198]
271887:[720, 75749, 271728, 75748]
271935:[271943, 271949, 271886, 135198]
271937:[271941, 271938, 271942, 271948]
271938:[271937, 271941, 271942, 271948]
271939:[271946, 271944, 271947, 75748]
271940:[271945, 719, 271959, 271961]
271941:[271937, 271938, 271942, 271948]
271942:[271937, 271941, 271938, 271948]
271943:[271949, 271935, 271886, 135198]
271944:[271939, 271946, 271947, 75748]
271945:[271940, 719, 271959, 271961]
271946:[271939, 271944, 271947, 75748]
271947:[271728, 75748, 271944, 720]
271948:[271937, 271941, 271938, 271942]
271949:[271943, 271935, 271886, 135198]
271950:[271952, 271951, 271956, 271957]
271951:[271950, 271952, 271963, 271953]
271952:[271950, 271951, 271953, 271955]
271953:[271955, 271956, 271957, 271952]
271954:[217520, 221932, 75750, 135195]
271955:[271953, 271956, 271957, 271950]
271956:[271955, 271953, 271957, 271950]
271957:[271953, 271956, 271955, 271950]
271958:[135193, 271612, 271610, 75684]
271959:[271961, 271955, 271953, 271956]
271960:[271962, 271957, 271956, 271955]
271961:[271959, 271955, 271953, 271956]
271962:[271960, 271963, 271950, 271951]
271963:[271964, 271951, 271962, 271960]
271964:[271963, 271951, 271962, 271960]
271965:[267497, 75744, 137381, 217519]
271966:[75762, 219272, 219231, 218732]
273242:[246614, 218959, 246615, 218766]
273243:[218727, 75690, 267625, 860]
273287:[352530, 75765, 75566, 218730]
273288:[127374, 246312, 1030, 807]
273371:[246614, 137037, 218766, 273242]
278925:[246728, 829, 219246, 271882]
278926:[868, 246426, 248138, 215794]
352530:[75765, 273287, 135194, 75566]
352594:[75552, 75561, 75563, 352595]
352595:[219059, 135202, 218723, 135203]
352630:[218728, 75657, 1128, 1130]
354317:[355584, 354521, 222294, 1076]
354521:[355584, 354317, 1250, 222294]
354534:[75611, 75612, 75613, 75614]
354663:[75606, 75605, 835, 216148]
355023:[834, 216892, 819, 83597]
355584:[354317, 354521, 222294, 1076]
356374:[137024, 218921, 225448, 128545]
